KD (nM),Mutation(s)_cleaned,mut_str,num_mutations,ddG,complex,complex_PPI,#Pdb,Partner1,Partner2,Label
0.56,"SH105A,DH110Y","SH105A,DH110Y",2,-0.723782226,1N8Z,1N8Z_HL_A,0_1N8Z,HL,A,forward
0.87,"SH105T,GH108Y,GH109Y,DH110F,GH111I,FH112Y,AH114Y,YH117V","SH105T,GH108Y,GH109Y,DH110F,GH111I,FH112Y,AH114Y,YH117V",8,-0.462773696,1N8Z,1N8Z_HL_A,1_1N8Z,HL,A,forward
0.94,"SH105T,WH107Y,GH108F,GH109F,DH110N,FH112W,AH114Y,MH115F,YH117V","SH105T,WH107Y,GH108F,GH109F,DH110N,FH112W,AH114Y,MH115F,YH117V",9,-0.416925814,1N8Z,1N8Z_HL_A,2_1N8Z,HL,A,forward
0.98,"SH105A,WH107Y,GH108Y,DH110Y,FH112G,AH114W,MH115F,DH116A","SH105A,WH107Y,GH108Y,DH110Y,FH112G,AH114W,MH115F,DH116A",8,-0.392236742,1N8Z,1N8Z_HL_A,3_1N8Z,HL,A,forward
1.07,"DH110W,AH114S","DH110W,AH114S",2,-0.340183108,1N8Z,1N8Z_HL_A,4_1N8Z,HL,A,forward
2.02,"GH108H,DH110Y","GH108H,DH110Y",2,0.036283907,1N8Z,1N8Z_HL_A,5_1N8Z,HL,A,forward
2.4,"SH105T,GH108L,GH109E,DH110G,GH111L,FH112S,AH114F","SH105T,GH108L,GH109E,DH110G,GH111L,FH112S,AH114F",7,0.138405582,1N8Z,1N8Z_HL_A,6_1N8Z,HL,A,forward
2.54,"SH105T,WH107Y,DH110R,FH112A,AH114Y,MH115F,YH117V","SH105T,WH107Y,DH110R,FH112A,AH114Y,MH115F,YH117V",7,0.171994851,1N8Z,1N8Z_HL_A,7_1N8Z,HL,A,forward
2.64,"SH105A,GH108P,GH109F,DH110Y,FH112P,AH114N,MH115Y","SH105A,GH108P,GH109F,DH110Y,FH112P,AH114N,MH115Y",7,0.194872287,1N8Z,1N8Z_HL_A,8_1N8Z,HL,A,forward
2.64,"SH105A,GH108I,GH109D,DH110G,GH111Y,FH112S,AH114F","SH105A,GH108I,GH109D,DH110G,GH111Y,FH112S,AH114F",7,0.194872287,1N8Z,1N8Z_HL_A,9_1N8Z,HL,A,forward
2.99,"SH105T,WH107Y,GH108Y,GH109Y,DH110G,FH112P,AH114Y,MH115F","SH105T,WH107Y,GH108Y,GH109Y,DH110G,FH112P,AH114Y,MH115F",8,0.268629283,1N8Z,1N8Z_HL_A,10_1N8Z,HL,A,forward
3,"SH105A,WH107Y,GH109L,DH110G,GH111D,FH112W,AH114Y,MH115F,DH116A","SH105A,WH107Y,GH109L,DH110G,GH111D,FH112W,AH114Y,MH115F,DH116A",9,0.270607422,1N8Z,1N8Z_HL_A,11_1N8Z,HL,A,forward
3.39,"SH105A,WH107Y,GH108E,GH109A,DH110Y,FH112L,AH114P,MH115F,DH116G","SH105A,WH107Y,GH108E,GH109A,DH110Y,FH112L,AH114P,MH115F,DH116G",9,0.343015501,1N8Z,1N8Z_HL_A,12_1N8Z,HL,A,forward
3.42,"SH105A,GH108L,DH110E,FH112Y,AH114N,MH115F","SH105A,GH108L,DH110E,FH112Y,AH114N,MH115F",6,0.348235376,1N8Z,1N8Z_HL_A,13_1N8Z,HL,A,forward
3.5,DH110R,DH110R,1,0.361934298,1N8Z,1N8Z_HL_A,14_1N8Z,HL,A,forward
3.99,"SH105A,RH106N,WH107D,GH108I,GH109Y,DH110I,GH111Q,FH112G,AH114D,MH115L,DH116N,YH117R","SH105A,RH106N,WH107D,GH108I,GH109Y,DH110I,GH111Q,FH112G,AH114D,MH115L,DH116N,YH117R",12,0.439562252,1N8Z,1N8Z_HL_A,15_1N8Z,HL,A,forward
4.09,"SH105A,GH108T,GH109A,DH110G,GH111Y,FH112T,AH114Y","SH105A,GH108T,GH109A,DH110G,GH111Y,FH112T,AH114Y",7,0.454227654,1N8Z,1N8Z_HL_A,16_1N8Z,HL,A,forward
4.56,"SH105T,GH109Y,DH110Y,FH112Y","SH105T,GH109Y,DH110Y,FH112Y",4,0.51867319,1N8Z,1N8Z_HL_A,17_1N8Z,HL,A,forward
4.67,"SH105A,GH108W,GH109Y,DH110Y,FH112Y,AH114Y,MH115F,YH117V","SH105A,GH108W,GH109Y,DH110Y,FH112Y,AH114Y,MH115F,YH117V",8,0.532795141,1N8Z,1N8Z_HL_A,18_1N8Z,HL,A,forward
4.83,"SH105A,GH108P,DH110Y,FH112S,AH114Y,YH117V","SH105A,GH108P,DH110Y,FH112S,AH114Y,YH117V",6,0.552753306,1N8Z,1N8Z_HL_A,19_1N8Z,HL,A,forward
5.05,"DH110P,FH112L","DH110P,FH112L",2,0.579142169,1N8Z,1N8Z_HL_A,20_1N8Z,HL,A,forward
5.08,"SH105A,GH108R","SH105A,GH108R",2,0.582651273,1N8Z,1N8Z_HL_A,21_1N8Z,HL,A,forward
5.35,"SH105V,WH107Y,GH108Y,FH112G,AH114Y,MH115F","SH105V,WH107Y,GH108Y,FH112G,AH114Y,MH115F",6,0.613331576,1N8Z,1N8Z_HL_A,22_1N8Z,HL,A,forward
5.66,"SH105A,GH108Y,GH109Y,DH110Y,FH112Y,AH114Y,MH115F,YH117V","SH105A,GH108Y,GH109Y,DH110Y,FH112Y,AH114Y,MH115F,YH117V",8,0.646702815,1N8Z,1N8Z_HL_A,23_1N8Z,HL,A,forward
6.29,"SH105A,GH108Y,GH109Y,DH110L,FH112Y,AH114Y,MH115F","SH105A,GH108Y,GH109Y,DH110L,FH112Y,AH114Y,MH115F",7,0.709228526,1N8Z,1N8Z_HL_A,24_1N8Z,HL,A,forward
6.44,"SH105A,GH108W,GH109Y,DH110G,FH112Y,AH114Y,MH115F","SH105A,GH108W,GH109Y,DH110G,FH112Y,AH114Y,MH115F",7,0.72319112,1N8Z,1N8Z_HL_A,25_1N8Z,HL,A,forward
6.5,"SH105A,GH108L,GH109Y,DH110Y,FH112Y,AH114Y,MH115F","SH105A,GH108L,GH109Y,DH110Y,FH112Y,AH114Y,MH115F",7,0.728685305,1N8Z,1N8Z_HL_A,26_1N8Z,HL,A,forward
6.69,"SH105A,GH108W,GH109Y,DH110G,FH112Y,AH114Y","SH105A,GH108W,GH109Y,DH110G,FH112Y,AH114Y",6,0.745754852,1N8Z,1N8Z_HL_A,27_1N8Z,HL,A,forward
6.76,"SH105V,WH107Y,DH110W,YH113W,AH114Y,MH115F","SH105V,WH107Y,DH110W,YH113W,AH114Y,MH115F",6,0.751921694,1N8Z,1N8Z_HL_A,28_1N8Z,HL,A,forward
6.82,"SH105T,WH107Y,GH108Y,GH109Y,DH110Y,FH112S,AH114H,MH115F","SH105T,WH107Y,GH108Y,GH109Y,DH110Y,FH112S,AH114H,MH115F",8,0.757156944,1N8Z,1N8Z_HL_A,29_1N8Z,HL,A,forward
6.93,"SH105A,GH109Y,DH110S,FH112W,AH114V","SH105A,GH109Y,DH110S,FH112W,AH114V",5,0.766636378,1N8Z,1N8Z_HL_A,30_1N8Z,HL,A,forward
7.03,"SH105A,GH108E,DH110I,FH112G,AH114Y,MH115F,DH116V","SH105A,GH108E,DH110I,FH112G,AH114Y,MH115F,DH116V",7,0.775124374,1N8Z,1N8Z_HL_A,31_1N8Z,HL,A,forward
7.04,"SH105A,GH108Y,GH109Y,DH110G,GH111Y,FH112Y,AH114Y,MH115F,YH117V","SH105A,GH108Y,GH109Y,DH110G,GH111Y,FH112Y,AH114Y,MH115F,YH117V",9,0.775966524,1N8Z,1N8Z_HL_A,32_1N8Z,HL,A,forward
7.11,"SH105A,WH107Y,GH108F,GH109Y,GH111Y,FH112Y,AH114Y,MH115F,YH117F","SH105A,WH107Y,GH108F,GH109Y,GH111Y,FH112Y,AH114Y,MH115F,YH117F",9,0.781828287,1N8Z,1N8Z_HL_A,33_1N8Z,HL,A,forward
7.31,"SH105A,WH107Y,GH109D,DH110G,GH111Y,FH112Y,AH114Y,MH115F,DH116A","SH105A,WH107Y,GH109D,DH110G,GH111Y,FH112Y,AH114Y,MH115F,DH116A",9,0.798263516,1N8Z,1N8Z_HL_A,34_1N8Z,HL,A,forward
7.31,"SH105A,WH107Y,DH110S,GH111Y,AH114Y,MH115Y,DH116S","SH105A,WH107Y,DH110S,GH111Y,AH114Y,MH115Y,DH116S",7,0.798263516,1N8Z,1N8Z_HL_A,35_1N8Z,HL,A,forward
7.43,"SH105A,GH108Y,DH110Y,FH112G,AH114Y,MH115F","SH105A,GH108Y,DH110Y,FH112G,AH114Y,MH115F",6,0.807910165,1N8Z,1N8Z_HL_A,36_1N8Z,HL,A,forward
7.54,"SH105T,WH107N,GH108Y,GH109Y,GH111Y,FH112Y,AH114Y,MH115F","SH105T,WH107N,GH108Y,GH109Y,GH111Y,FH112Y,AH114Y,MH115F",8,0.816617031,1N8Z,1N8Z_HL_A,37_1N8Z,HL,A,forward
7.69,"SH105A,GH108K,DH110Y,FH112H,AH114Y","SH105A,GH108K,DH110Y,FH112H,AH114Y",5,0.828287507,1N8Z,1N8Z_HL_A,38_1N8Z,HL,A,forward
7.78,"SH105A,GH108Y,GH109Y,DH110G,GH111H,FH112Y,AH114Y","SH105A,GH108Y,GH109Y,DH110G,GH111H,FH112Y,AH114Y",7,0.835181014,1N8Z,1N8Z_HL_A,39_1N8Z,HL,A,forward
7.95,"SH105A,GH109Y,GH111Y,FH112Y,AH114M,YH117V","SH105A,GH109Y,GH111Y,FH112Y,AH114M,YH117V",6,0.847987214,1N8Z,1N8Z_HL_A,40_1N8Z,HL,A,forward
8.05,"SH105A,WH107Y,GH108Y,DH110Y,FH112G,AH114Y,MH115F","SH105A,WH107Y,GH108Y,DH110Y,FH112G,AH114Y,MH115F",7,0.85539296,1N8Z,1N8Z_HL_A,41_1N8Z,HL,A,forward
8.08,"SH105A,DH110P,FH112Y,MH115F,DH116V,YH117W","SH105A,DH110P,FH112Y,MH115F,DH116V,YH117W",6,0.857596752,1N8Z,1N8Z_HL_A,42_1N8Z,HL,A,forward
8.11,"SH105A,GH108R,GH109Q,FH112A,AH114Y,MH115L","SH105A,GH108R,GH109Q,FH112A,AH114Y,MH115L",6,0.859792376,1N8Z,1N8Z_HL_A,43_1N8Z,HL,A,forward
8.19,"SH105A,WH107Y,GH108Y,DH110Y,FH112G,AH114W,MH115Y,YH117T","SH105A,WH107Y,GH108Y,DH110Y,FH112G,AH114W,MH115Y,YH117T",8,0.865607902,1N8Z,1N8Z_HL_A,44_1N8Z,HL,A,forward
8.2,"SH105A,GH108V,GH109Y,DH110G,GH111Y,FH112Y,AH114Y,MH115F","SH105A,GH108V,GH109Y,DH110G,GH111Y,FH112Y,AH114Y,MH115F",8,0.866330846,1N8Z,1N8Z_HL_A,45_1N8Z,HL,A,forward
8.29,"SH105A,GH108Y,GH109Y,DH110Y,FH112G,AH114Y,MH115F","SH105A,GH108Y,GH109Y,DH110Y,FH112G,AH114Y,MH115F",7,0.872797942,1N8Z,1N8Z_HL_A,46_1N8Z,HL,A,forward
8.41,"SH105A,WH107N,GH108Y,GH109Y,GH111L,FH112Y,AH114Y,MH115F","SH105A,WH107N,GH108Y,GH109Y,GH111L,FH112Y,AH114Y,MH115F",8,0.881312368,1N8Z,1N8Z_HL_A,47_1N8Z,HL,A,forward
8.44,"SH105A,WH107Y,GH108Y,GH109Y,GH111Y,FH112Y,AH114Y,MH115F","SH105A,WH107Y,GH108Y,GH109Y,GH111Y,FH112Y,AH114Y,MH115F",8,0.883421992,1N8Z,1N8Z_HL_A,48_1N8Z,HL,A,forward
8.45,"SH105A,GH109Y,DH110G,FH112A,AH114Y","SH105A,GH109Y,DH110G,FH112A,AH114Y",5,0.884123534,1N8Z,1N8Z_HL_A,49_1N8Z,HL,A,forward
8.52,"SH105A,GH108Y,GH109Y,DH110Y,FH112Y,AH114Y,YH117V","SH105A,GH108Y,GH109Y,DH110Y,FH112Y,AH114Y,YH117V",7,0.889011203,1N8Z,1N8Z_HL_A,50_1N8Z,HL,A,forward
8.57,"SH105T,RH106S,WH107I,GH108F,GH109S,DH110G,FH112Y,AH114G,MH115L,YH117S","SH105T,RH106S,WH107I,GH108F,GH109S,DH110G,FH112Y,AH114G,MH115L,YH117S",10,0.892477872,1N8Z,1N8Z_HL_A,51_1N8Z,HL,A,forward
8.68,"SH105A,GH108Y,GH109Y,DH110Y,FH112A,AH114Y,MH115F","SH105A,GH108Y,GH109Y,DH110Y,FH112A,AH114Y,MH115F",7,0.900033883,1N8Z,1N8Z_HL_A,52_1N8Z,HL,A,forward
8.73,"SH105T,WH107Y,GH109S,DH110F,GH111H,FH112Y,AH114Y,MH115F,YH117V","SH105T,WH107Y,GH109S,DH110F,GH111H,FH112Y,AH114Y,MH115F,YH117V",9,0.903436834,1N8Z,1N8Z_HL_A,53_1N8Z,HL,A,forward
8.78,"SH105A,DH110Y,FH112Y,AH114Y,YH117V","SH105A,DH110Y,FH112Y,AH114Y,YH117V",5,0.906820349,1N8Z,1N8Z_HL_A,54_1N8Z,HL,A,forward
8.92,"SH105T,WH107F,GH108I,GH109D,DH110N,FH112P,AH114Y,MH115F","SH105T,WH107F,GH108I,GH109D,DH110N,FH112P,AH114Y,MH115F",8,0.916192666,1N8Z,1N8Z_HL_A,55_1N8Z,HL,A,forward
9.08,"SH105A,WH107Y,GH108L,GH109S,DH110A,GH111V,FH112Y,AH114Y,YH117H","SH105A,WH107Y,GH108L,GH109S,DH110A,GH111V,FH112Y,AH114Y,YH117H",9,0.926725424,1N8Z,1N8Z_HL_A,56_1N8Z,HL,A,forward
9.14,"SH105T,WH107Y,GH108A,GH109S,DH110G,GH111Y,MH115F","SH105T,WH107Y,GH108A,GH109S,DH110G,GH111Y,MH115F",7,0.930627427,1N8Z,1N8Z_HL_A,57_1N8Z,HL,A,forward
9.2,"SH105T,RH106L,GH109L,DH110P,GH111M,FH112M,AH114V,MH115Y,DH116F,YH117F","SH105T,RH106L,GH109L,DH110P,GH111M,FH112M,AH114V,MH115Y,DH116F,YH117F",10,0.934503898,1N8Z,1N8Z_HL_A,58_1N8Z,HL,A,forward
9.22,"SH105A,GH108L,GH109Y,DH110Y,FH112L,AH114Y,MH115F,YH117V","SH105A,GH108L,GH109Y,DH110Y,FH112L,AH114Y,MH115F,YH117V",8,0.93579044,1N8Z,1N8Z_HL_A,59_1N8Z,HL,A,forward
9.24,"SH105A,GH109E,DH110F,FH112P,AH114Y,MH115F","SH105A,GH109E,DH110F,FH112P,AH114Y,MH115F",6,0.937074193,1N8Z,1N8Z_HL_A,60_1N8Z,HL,A,forward
9.28,"SH105A,GH108T,GH109E,DH110R,AH114S,MH115F,YH117I","SH105A,GH108T,GH109E,DH110R,AH114S,MH115F,YH117I",7,0.939633385,1N8Z,1N8Z_HL_A,61_1N8Z,HL,A,forward
9.56,"SH105A,GH109Y,DH110Y,FH112Y,AH114Y,MH115F,YH117V","SH105A,GH109Y,DH110Y,FH112Y,AH114Y,MH115F,YH117V",7,0.957244719,1N8Z,1N8Z_HL_A,62_1N8Z,HL,A,forward
9.91,"SH105A,WH107Y,GH108Y,DH110Y,FH112G,AH114Y","SH105A,WH107Y,GH108Y,DH110Y,FH112G,AH114Y",6,0.978547291,1N8Z,1N8Z_HL_A,63_1N8Z,HL,A,forward
10.12,"SH105A,RH106K,WH107F,GH108A,GH109Y,DH110Y,FH112P,AH114H,MH115F,YH117P","SH105A,RH106K,WH107F,GH108A,GH109Y,DH110Y,FH112P,AH114H,MH115F,YH117P",10,0.990970603,1N8Z,1N8Z_HL_A,64_1N8Z,HL,A,forward
10.16,"SH105A,GH108Y,DH110Y,FH112Y,AH114F,YH117V","SH105A,GH108Y,DH110Y,FH112Y,AH114F,YH117V",6,0.993307695,1N8Z,1N8Z_HL_A,65_1N8Z,HL,A,forward
10.5,"SH105A,DH110G,FH112Y,AH114F","SH105A,DH110G,FH112Y,AH114F",4,1.012809328,1N8Z,1N8Z_HL_A,66_1N8Z,HL,A,forward
10.69,"SH105A,GH108Y,DH110F,FH112G,AH114Y,MH115F","SH105A,GH108Y,DH110F,FH112G,AH114Y,MH115F",6,1.023434046,1N8Z,1N8Z_HL_A,67_1N8Z,HL,A,forward
10.9,"SH105A,GH108L,DH110S,FH112Y,AH114W,MH115F","SH105A,GH108L,DH110S,FH112Y,AH114W,MH115F",6,1.034959645,1N8Z,1N8Z_HL_A,68_1N8Z,HL,A,forward
11,"SH105A,GH108Y,GH109Y,DH110Y,FH112R,AH114Y,MH115F","SH105A,GH108Y,GH109Y,DH110Y,FH112R,AH114Y,MH115F",7,1.040370203,1N8Z,1N8Z_HL_A,69_1N8Z,HL,A,forward
11.3,"SH105T,RH106P,WH107Y,GH108D,GH109V,DH110L,FH112S,AH114Y,MH115F,DH116R,YH117V","SH105T,RH106P,WH107Y,GH108D,GH109V,DH110L,FH112S,AH114Y,MH115F,DH116R,YH117V",11,1.056311577,1N8Z,1N8Z_HL_A,70_1N8Z,HL,A,forward
11.31,"SH105T,DH110Y,FH112Y","SH105T,DH110Y,FH112Y",3,1.056835639,1N8Z,1N8Z_HL_A,71_1N8Z,HL,A,forward
11.75,"WH107Y,GH108Y,GH109A,DH110G,FH112W,AH114Y,MH115F","WH107Y,GH108Y,GH109A,DH110G,FH112W,AH114Y,MH115F",7,1.079447132,1N8Z,1N8Z_HL_A,72_1N8Z,HL,A,forward
11.84,"SH105A,GH108Y,DH110G,FH112Y,AH114Y","SH105A,GH108Y,DH110G,FH112Y,AH114Y",5,1.083967771,1N8Z,1N8Z_HL_A,73_1N8Z,HL,A,forward
12,"SH105T,WH107Y,DH110Y,FH112Y,AH114Y","SH105T,WH107Y,DH110Y,FH112Y,AH114Y",5,1.091920266,1N8Z,1N8Z_HL_A,74_1N8Z,HL,A,forward
12.07,"SH105T,WH107Y,GH108R,DH110P,GH111Y,FH112Y,AH114Y,MH115F,YH117P","SH105T,WH107Y,GH108R,DH110P,GH111Y,FH112Y,AH114Y,MH115F,YH117P",9,1.095366195,1N8Z,1N8Z_HL_A,75_1N8Z,HL,A,forward
12.1,"SH105V,GH109V,DH110G,GH111A,FH112Y,AH114N,MH115F","SH105V,GH109V,DH110G,GH111A,FH112Y,AH114N,MH115F",7,1.096836908,1N8Z,1N8Z_HL_A,76_1N8Z,HL,A,forward
12.21,"SH105T,WH107Y,GH108D,GH109Y,GH111Y,FH112Y,AH114Y,MH115F","SH105T,WH107Y,GH108D,GH109Y,GH111Y,FH112Y,AH114Y,MH115F",8,1.102198501,1N8Z,1N8Z_HL_A,77_1N8Z,HL,A,forward
12.49,"SH105A,GH108Y,GH109Y,DH110Y,FH112G,AH114Y,MH115F,YH117V","SH105A,GH108Y,GH109Y,DH110Y,FH112G,AH114Y,MH115F,YH117V",8,1.115631186,1N8Z,1N8Z_HL_A,78_1N8Z,HL,A,forward
12.77,"SH105A,GH108R,GH109Y,DH110G,GH111Y,FH112Y,AH114Y","SH105A,GH108R,GH109Y,DH110G,GH111Y,FH112Y,AH114Y",7,1.128766052,1N8Z,1N8Z_HL_A,79_1N8Z,HL,A,forward
12.84,"SH105T,GH108A,GH109F,FH112V,AH114Y","SH105T,GH108A,GH109F,FH112V,AH114Y",5,1.132004766,1N8Z,1N8Z_HL_A,80_1N8Z,HL,A,forward
12.94,"SH105T,WH107Y,GH108Y,GH109Y,DH110G,GH111L,FH112Y,AH114Y,YH117V","SH105T,WH107Y,GH108Y,GH109Y,DH110G,GH111L,FH112Y,AH114Y,YH117V",9,1.136601004,1N8Z,1N8Z_HL_A,81_1N8Z,HL,A,forward
13.1,"SH105A,GH108R,FH112G,AH114Y,MH115F","SH105A,GH108R,FH112G,AH114Y,MH115F",5,1.143881611,1N8Z,1N8Z_HL_A,82_1N8Z,HL,A,forward
13.16,"SH105V,WH107Y,GH109F,FH112S,AH114Y,MH115F,YH117P","SH105V,WH107Y,GH109F,FH112S,AH114Y,MH115F,YH117P",7,1.146588936,1N8Z,1N8Z_HL_A,83_1N8Z,HL,A,forward
13.21,"SH105A,WH107Y,GH108V,DH110L,FH112G,AH114P,MH115L,DH116G","SH105A,WH107Y,GH108V,DH110L,FH112G,AH114P,MH115L,DH116G",8,1.148835628,1N8Z,1N8Z_HL_A,84_1N8Z,HL,A,forward
13.33,"SH105A,GH108Y,GH109Y,DH110Y,FH112Y,YH117V","SH105A,GH108Y,GH109Y,DH110Y,FH112Y,YH117V",6,1.154193181,1N8Z,1N8Z_HL_A,85_1N8Z,HL,A,forward
13.4,"SH105A,GH109Y,DH110Y,FH112N,AH114Y,MH115F","SH105A,GH109Y,DH110Y,FH112N,AH114Y,MH115F",6,1.157296191,1N8Z,1N8Z_HL_A,86_1N8Z,HL,A,forward
13.48,"SH105V,DH110Y,FH112Y","SH105V,DH110Y,FH112Y",3,1.160822702,1N8Z,1N8Z_HL_A,87_1N8Z,HL,A,forward
13.6,"SH105A,GH108R,DH110Y,FH112S,YH117V","SH105A,GH108R,DH110Y,FH112S,YH117V",5,1.166073418,1N8Z,1N8Z_HL_A,88_1N8Z,HL,A,forward
13.7,"SH105A,GH108W,GH109Y,DH110G,FH112Y,AH114F,MH115F","SH105A,GH108W,GH109Y,DH110G,FH112Y,AH114F,MH115F",7,1.170413745,1N8Z,1N8Z_HL_A,89_1N8Z,HL,A,forward
13.9,"SH105A,WH107Y,GH109S,DH110S,GH111Y,FH112Y,AH114Y,MH115F","SH105A,WH107Y,GH109S,DH110S,GH111Y,FH112Y,AH114Y,MH115F",8,1.179000156,1N8Z,1N8Z_HL_A,90_1N8Z,HL,A,forward
13.92,"SH105A,WH107H,GH108F,DH110V,GH111A,FH112S,AH114S,MH115F","SH105A,WH107H,GH108F,DH110V,GH111A,FH112S,AH114S,MH115F",8,1.179851992,1N8Z,1N8Z_HL_A,91_1N8Z,HL,A,forward
14,"SH105A,WH107Y,DH110Y,FH112G,AH114Y,MH115F","SH105A,WH107Y,DH110Y,FH112G,AH114Y,MH115F",6,1.183247142,1N8Z,1N8Z_HL_A,92_1N8Z,HL,A,forward
14.12,"SH105A,RH106K,WH107Y,GH109A,DH110T,FH112W,AH114Y,MH115F","SH105A,RH106K,WH107Y,GH109A,DH110T,FH112W,AH114Y,MH115F",8,1.188303662,1N8Z,1N8Z_HL_A,93_1N8Z,HL,A,forward
14.3,"SH105A,WH107Y,GH109Y,DH110Y,FH112P,AH114Y,MH115F","SH105A,WH107Y,GH109Y,DH110Y,FH112P,AH114Y,MH115F",7,1.195808432,1N8Z,1N8Z_HL_A,94_1N8Z,HL,A,forward
14.34,"SH105T,WH107Y,GH109Y,DH110G,FH112P,AH114W,MH115F","SH105T,WH107Y,GH109Y,DH110G,FH112P,AH114W,MH115F",7,1.197463327,1N8Z,1N8Z_HL_A,95_1N8Z,HL,A,forward
14.5,"SH105A,WH107Y,GH108R,DH110V,GH111W,FH112Y,AH114D,MH115F,YH117N","SH105A,WH107Y,GH108R,DH110V,GH111W,FH112Y,AH114D,MH115F,YH117N",9,1.204037064,1N8Z,1N8Z_HL_A,96_1N8Z,HL,A,forward
14.7,"SH105A,WH107Y,GH108L,GH109Q,DH110L,FH112P,AH114Y,MH115F","SH105A,WH107Y,GH108L,GH109Q,DH110L,FH112P,AH114Y,MH115F",8,1.212152972,1N8Z,1N8Z_HL_A,97_1N8Z,HL,A,forward
14.9,"SH105A,GH108Y,GH109Y,DH110G,GH111Y,FH112Y,AH114W,MH115F,YH117V","SH105A,GH108Y,GH109Y,DH110G,GH111Y,FH112Y,AH114W,MH115F,YH117V",9,1.220159201,1N8Z,1N8Z_HL_A,98_1N8Z,HL,A,forward
14.9,"SH105A,GH108W,DH110G,FH112A,AH114Y,MH115F","SH105A,GH108W,DH110G,FH112A,AH114Y,MH115F",6,1.220159201,1N8Z,1N8Z_HL_A,99_1N8Z,HL,A,forward
14.9,"SH105A,RH106K,WH107Y,GH108L,DH110Q,GH111E,FH112A,MH115Y,DH116F,YH117S","SH105A,RH106K,WH107Y,GH108L,DH110Q,GH111E,FH112A,MH115Y,DH116F,YH117S",10,1.220159201,1N8Z,1N8Z_HL_A,100_1N8Z,HL,A,forward
15.4,"SH105A,GH108D,GH109S,DH110G,FH112P,AH114Y,MH115F,YH117S","SH105A,GH108D,GH109S,DH110G,FH112P,AH114Y,MH115F,YH117S",8,1.239713847,1N8Z,1N8Z_HL_A,101_1N8Z,HL,A,forward
15.7,"SH105A,WH107Y,GH109S,DH110R,GH111Y,FH112Y,AH114Y,MH115F","SH105A,WH107Y,GH109S,DH110R,GH111Y,FH112Y,AH114Y,MH115F",8,1.251144143,1N8Z,1N8Z_HL_A,102_1N8Z,HL,A,forward
15.7,"SH105A,WH107Y,GH109S,DH110G,GH111Y,FH112Y,AH114Y,MH115F","SH105A,WH107Y,GH109S,DH110G,GH111Y,FH112Y,AH114Y,MH115F",8,1.251144143,1N8Z,1N8Z_HL_A,103_1N8Z,HL,A,forward
15.74,"SH105A,GH108L,GH109A,DH110G,GH111Y,FH112N,AH114Y,MH115F,YH117V","SH105A,GH108L,GH109A,DH110G,GH111Y,FH112N,AH114Y,MH115F,YH117V",9,1.252651656,1N8Z,1N8Z_HL_A,104_1N8Z,HL,A,forward
15.76,"SH105A,WH107Y,GH108T,GH109Y,DH110F,FH112S,YH113F,AH114D,MH115F","SH105A,WH107Y,GH108T,GH109Y,DH110F,FH112S,YH113F,AH114D,MH115F",9,1.253403976,1N8Z,1N8Z_HL_A,105_1N8Z,HL,A,forward
15.85,"SH105A,GH108L,GH109R,DH110A,GH111L,FH112G,AH114Y","SH105A,GH108L,GH109R,DH110A,GH111L,FH112G,AH114Y",7,1.256777644,1N8Z,1N8Z_HL_A,106_1N8Z,HL,A,forward
16.01,"SH105V,GH108Y,DH110Y,FH112Y,AH114Y","SH105V,GH108Y,DH110Y,FH112Y,AH114Y",5,1.262728247,1N8Z,1N8Z_HL_A,107_1N8Z,HL,A,forward
16.17,"SH105A,GH108Y,GH109Y,DH110G,GH111Y,FH112A,AH114Y","SH105A,GH108Y,GH109Y,DH110G,GH111Y,FH112A,AH114Y",7,1.268619677,1N8Z,1N8Z_HL_A,108_1N8Z,HL,A,forward
16.48,"SH105A,WH107Y,GH108W,DH110L,FH112G,AH114Y,MH115F,YH117H","SH105A,WH107Y,GH108W,DH110L,FH112G,AH114Y,MH115F,YH117H",8,1.279870251,1N8Z,1N8Z_HL_A,109_1N8Z,HL,A,forward
16.5,"SH105V,WH107Y,GH109F,DH110Y,FH112Y,AH114Y,MH115F","SH105V,WH107Y,GH109F,DH110Y,FH112Y,AH114Y,MH115F",7,1.280588811,1N8Z,1N8Z_HL_A,110_1N8Z,HL,A,forward
16.77,"SH105A,GH108L,GH109A,DH110F,FH112Y","SH105A,GH108L,GH109A,DH110F,FH112Y",5,1.290205014,1N8Z,1N8Z_HL_A,111_1N8Z,HL,A,forward
16.95,"SH105A,RH106K,WH107Y,GH108I,GH109N,DH110A,GH111Y,FH112S,MH115F,DH116F,YH117D","SH105A,RH106K,WH107Y,GH108I,GH109N,DH110A,GH111Y,FH112S,MH115F,DH116F,YH117D",11,1.296530185,1N8Z,1N8Z_HL_A,112_1N8Z,HL,A,forward
17.41,"SH105A,WH107Y,GH108S,DH110Y,FH112L,AH114P,MH115Y,DH116A","SH105A,WH107Y,GH108S,DH110Y,FH112L,AH114P,MH115Y,DH116A",8,1.312394224,1N8Z,1N8Z_HL_A,113_1N8Z,HL,A,forward
17.47,"SH105A,RH106K,WH107Y,GH108A,GH109Y,DH110Y,FH112D,YH113F,AH114W,MH115G,DH116S,YH117V","SH105A,RH106K,WH107Y,GH108A,GH109Y,DH110Y,FH112D,YH113F,AH114W,MH115G,DH116S,YH117V",12,1.314432478,1N8Z,1N8Z_HL_A,114_1N8Z,HL,A,forward
18.46,"SH105T,WH107Y,GH108E,GH109Y,DH110Q,GH111D,FH112Y,AH114H,MH115F","SH105T,WH107Y,GH108E,GH109Y,DH110Q,GH111D,FH112Y,AH114H,MH115F",9,1.347089086,1N8Z,1N8Z_HL_A,115_1N8Z,HL,A,forward
18.6,"TH59S,SH105A,WH107Y,DH110S,GH111Y,FH112A,AH114Y,MH115F,DH116Y","TH59S,SH105A,WH107Y,DH110S,GH111Y,FH112A,AH114Y,MH115F,DH116Y",9,1.351565269,1N8Z,1N8Z_HL_A,116_1N8Z,HL,A,forward
18.64,"SH105A,GH108Y,DH110Q,GH111V","SH105A,GH108Y,DH110Q,GH111V",4,1.352837991,1N8Z,1N8Z_HL_A,117_1N8Z,HL,A,forward
19,"SH105A,WH107Y,GH108Y,DH110V,FH112P,AH114S,YH117V","SH105A,WH107Y,GH108Y,DH110V,FH112P,AH114S,YH117V",7,1.364171106,1N8Z,1N8Z_HL_A,118_1N8Z,HL,A,forward
19.1,"SH105A,GH109Y,DH110G,FH112Y,AH114Y,MH115F","SH105A,GH109Y,DH110G,FH112Y,AH114Y,MH115F",6,1.367281097,1N8Z,1N8Z_HL_A,119_1N8Z,HL,A,forward
19.29,"SH105A,RH106S,WH107Y,GH109L,FH112Y,AH114Y,MH115F,YH117V","SH105A,RH106S,WH107Y,GH109L,FH112Y,AH114Y,MH115F,YH117V",8,1.373145479,1N8Z,1N8Z_HL_A,120_1N8Z,HL,A,forward
19.38,"SH105A,GH108N,GH109Y,DH110Y,FH112Y,AH114Y,MH115F","SH105A,GH108N,GH109Y,DH110Y,FH112Y,AH114Y,MH115F",7,1.375903212,1N8Z,1N8Z_HL_A,121_1N8Z,HL,A,forward
19.4,"SH105A,GH109Y,GH111Y,FH112Y","SH105A,GH109Y,GH111Y,FH112Y",4,1.376514302,1N8Z,1N8Z_HL_A,122_1N8Z,HL,A,forward
19.42,"SH105A,WH107Y,GH108Y,GH109S,DH110Y,FH112Q,MH115F,YH117P","SH105A,WH107Y,GH108Y,GH109S,DH110Y,FH112Q,MH115F,YH117P",8,1.377124763,1N8Z,1N8Z_HL_A,123_1N8Z,HL,A,forward
19.6,"SH105A,WH107Y,DH110G,FH112R,AH114Y,MH115F","SH105A,WH107Y,DH110G,FH112R,AH114Y,MH115F",6,1.382590786,1N8Z,1N8Z_HL_A,124_1N8Z,HL,A,forward
19.66,"SH105A,WH107Y,GH108W,GH109Y,DH110G,FH112Y,AH114Y,MH115F","SH105A,WH107Y,GH108W,GH109Y,DH110G,FH112Y,AH114Y,MH115F",8,1.384401644,1N8Z,1N8Z_HL_A,125_1N8Z,HL,A,forward
19.75,"SH105T,GH108L,GH109Y,DH110Y,GH111S,FH112A,AH114Y,MH115F,YH117F","SH105T,GH108L,GH109Y,DH110Y,GH111S,FH112A,AH114Y,MH115F,YH117F",9,1.387107596,1N8Z,1N8Z_HL_A,126_1N8Z,HL,A,forward
19.8,"SH105A,WH107Y,GH108A,GH109H,DH110Y,FH112P,AH114Y,MH115F,YH117F","SH105A,WH107Y,GH108A,GH109H,DH110Y,FH112P,AH114Y,MH115F,YH117F",9,1.388605579,1N8Z,1N8Z_HL_A,127_1N8Z,HL,A,forward
19.87,"SH105V,WH107Y,GH109S,GH111V,FH112Y,AH114Y,MH115F,YH117I","SH105V,WH107Y,GH109S,GH111V,FH112Y,AH114Y,MH115F,YH117I",8,1.390696412,1N8Z,1N8Z_HL_A,128_1N8Z,HL,A,forward
20.01,"SH105A,GH108L,GH109T,DH110G,GH111L,FH112S,AH114N,MH115W","SH105A,GH108L,GH109T,DH110G,GH111L,FH112S,AH114N,MH115W",8,1.394856072,1N8Z,1N8Z_HL_A,129_1N8Z,HL,A,forward
20.1,"SH105A,GH108Y,GH109Y,DH110G,FH112Y","SH105A,GH108Y,GH109Y,DH110G,FH112Y",5,1.397514799,1N8Z,1N8Z_HL_A,130_1N8Z,HL,A,forward
20.18,"SH105A,WH107Y,GH108Y,DH110Y,FH112Y,AH114Y,MH115F,DH116H","SH105A,WH107Y,GH108Y,DH110Y,FH112Y,AH114Y,MH115F,DH116H",8,1.399868137,1N8Z,1N8Z_HL_A,131_1N8Z,HL,A,forward
20.5,"SH105A,GH109S,DH110I,FH112Y,MH115F,YH117H","SH105A,GH109S,DH110I,FH112Y,MH115F,YH117H",6,1.409189107,1N8Z,1N8Z_HL_A,132_1N8Z,HL,A,forward
20.59,"SH105A,DH110Y,FH112G,AH114Y,MH115F","SH105A,DH110Y,FH112G,AH114Y,MH115F",5,1.411784423,1N8Z,1N8Z_HL_A,133_1N8Z,HL,A,forward
21,"SH105A,WH107Y,GH109N,DH110Y,GH111Y,FH112Y,AH114Y,MH115F","SH105A,WH107Y,GH109N,DH110Y,GH111Y,FH112Y,AH114Y,MH115F",8,1.42346575,1N8Z,1N8Z_HL_A,134_1N8Z,HL,A,forward
21.1,"SH105A,GH109Y,DH110G,GH111Y,FH112S,AH114Y,MH115F,YH117V","SH105A,GH109Y,DH110G,GH111Y,FH112S,AH114Y,MH115F,YH117V",8,1.426280254,1N8Z,1N8Z_HL_A,135_1N8Z,HL,A,forward
21.5,"SH105A,WH107Y,GH108T,GH109S,DH110V,FH112I,MH115F,DH116N","SH105A,WH107Y,GH108T,GH109S,DH110V,FH112I,MH115F,DH116N",8,1.43740644,1N8Z,1N8Z_HL_A,136_1N8Z,HL,A,forward
21.88,"SH105A,GH108P,GH109Y,DH110G,GH111Y,FH112Y,AH114Y","SH105A,GH108P,GH109Y,DH110G,GH111Y,FH112Y,AH114Y",7,1.447786223,1N8Z,1N8Z_HL_A,137_1N8Z,HL,A,forward
21.93,"SH105T,GH108N,GH109Y,FH112A,AH114F,MH115F","SH105T,GH108N,GH109Y,FH112A,AH114F,MH115F",6,1.449138545,1N8Z,1N8Z_HL_A,138_1N8Z,HL,A,forward
21.96,"SH105A,WH107Y,GH108R,DH110R,AH114S,MH115F","SH105A,WH107Y,GH108R,DH110R,AH114S,MH115F",6,1.449948459,1N8Z,1N8Z_HL_A,139_1N8Z,HL,A,forward
22,"SH105A,GH108Y,GH109W,DH110Y,FH112A,AH114Y,MH115F","SH105A,GH108Y,GH109W,DH110Y,FH112A,AH114Y,MH115F",7,1.451026625,1N8Z,1N8Z_HL_A,140_1N8Z,HL,A,forward
22.15,"SH105A,GH109Y,DH110Y,FH112Y,AH114W,MH115F","SH105A,GH109Y,DH110Y,FH112Y,AH114W,MH115F",6,1.455052362,1N8Z,1N8Z_HL_A,141_1N8Z,HL,A,forward
22.6,"SH105A,WH107H,GH108Y,GH109Y,DH110Y,FH112Y,AH114Y,MH115F,YH117V","SH105A,WH107H,GH108Y,GH109Y,DH110Y,FH112Y,AH114Y,MH115F,YH117V",9,1.466967999,1N8Z,1N8Z_HL_A,142_1N8Z,HL,A,forward
22.6,"SH105A,RH106T,WH107Y,GH108S,GH109T,DH110Y,GH111Y,FH112N,MH115F,DH116G,YH117I","SH105A,RH106T,WH107Y,GH108S,GH109T,DH110Y,GH111Y,FH112N,MH115F,DH116G,YH117I",11,1.466967999,1N8Z,1N8Z_HL_A,143_1N8Z,HL,A,forward
22.7,"SH105T,WH107Y,GH108L,GH109H,GH111Y,FH112Y,AH114Y,MH115F","SH105T,WH107Y,GH108L,GH109H,GH111Y,FH112Y,AH114Y,MH115F",8,1.469583685,1N8Z,1N8Z_HL_A,144_1N8Z,HL,A,forward
22.93,"SH105V,WH107Y,GH108F,GH109Y,FH112N,AH114Y,MH115F,YH117L","SH105V,WH107Y,GH108F,GH109Y,FH112N,AH114Y,MH115F,YH117L",8,1.475556296,1N8Z,1N8Z_HL_A,145_1N8Z,HL,A,forward
22.96,"SH105A,WH107F,GH108D,DH110P,GH111F,FH112Y,MH115F,DH116A","SH105A,WH107F,GH108D,DH110P,GH111F,FH112Y,MH115F,DH116A",8,1.476330912,1N8Z,1N8Z_HL_A,146_1N8Z,HL,A,forward
23.07,"SH105A,WH107Y,GH108R,DH110Y,GH111V,FH112L,AH114D,MH115F,DH116A","SH105A,WH107Y,GH108R,DH110Y,GH111V,FH112L,AH114D,MH115F,DH116A",9,1.479162537,1N8Z,1N8Z_HL_A,147_1N8Z,HL,A,forward
23.14,"SH105A,WH107E,GH108N,GH109D,DH110G,GH111S,FH112P,YH113G,AH114S,MH115F,DH116E","SH105A,WH107E,GH108N,GH109D,DH110G,GH111S,FH112P,YH113G,AH114S,MH115F,DH116E",11,1.480957458,1N8Z,1N8Z_HL_A,148_1N8Z,HL,A,forward
23.3,"SH105A,RH106V,WH107T,GH108D,GH109L,FH112L,YH113H,AH114S,MH115Y,DH116R","SH105A,RH106V,WH107T,GH108D,GH109L,FH112L,YH113H,AH114S,MH115Y,DH116R",10,1.485039831,1N8Z,1N8Z_HL_A,149_1N8Z,HL,A,forward
23.87,"SH105T,WH107Y,GH108Y,GH109Y,DH110G,GH111S,FH112G,AH114F,MH115F","SH105T,WH107Y,GH108Y,GH109Y,DH110G,GH111S,FH112G,AH114F,MH115F",9,1.49935885,1N8Z,1N8Z_HL_A,150_1N8Z,HL,A,forward
23.93,"SH105A,GH108Y,DH110Y,FH112Y,YH117V","SH105A,GH108Y,DH110Y,FH112Y,YH117V",5,1.500846178,1N8Z,1N8Z_HL_A,151_1N8Z,HL,A,forward
23.98,"SH105A,GH109Y,DH110G,FH112Y,AH114Y,MH115F,YH117V","SH105A,GH109Y,DH110G,FH112Y,AH114Y,MH115F,YH117V",7,1.502082772,1N8Z,1N8Z_HL_A,152_1N8Z,HL,A,forward
24.24,"SH105A,WH107Y,GH108D,GH109P,DH110Y,AH114H,MH115L","SH105A,WH107Y,GH108D,GH109P,DH110Y,AH114H,MH115L",7,1.508471781,1N8Z,1N8Z_HL_A,153_1N8Z,HL,A,forward
25.08,"SH105V,WH107Y,GH109Y,DH110G,GH111D,FH112Y,AH114Y,MH115F","SH105V,WH107Y,GH109Y,DH110G,GH111D,FH112Y,AH114Y,MH115F",8,1.528654579,1N8Z,1N8Z_HL_A,154_1N8Z,HL,A,forward
25.17,"SH105T,GH109Y,GH111Y,FH112W,AH114F,MH115F","SH105T,GH109Y,GH111Y,FH112W,AH114F,MH115F",6,1.530776798,1N8Z,1N8Z_HL_A,155_1N8Z,HL,A,forward
25.2,"SH105A,RH106K,WH107Y,DH110V,FH112Y","SH105A,RH106K,WH107Y,DH110V,FH112Y",5,1.531482518,1N8Z,1N8Z_HL_A,156_1N8Z,HL,A,forward
25.5,"SH105A,WH107Y,GH108S,GH109A,DH110Y,FH112L,AH114D,MH115F,DH116A","SH105A,WH107Y,GH108S,GH109A,DH110Y,FH112L,AH114D,MH115F,DH116A",9,1.538493866,1N8Z,1N8Z_HL_A,157_1N8Z,HL,A,forward
25.71,"SH105A,GH108W,DH110G,FH112Y,AH114Y,MH115F","SH105A,GH108W,DH110G,FH112Y,AH114Y,MH115F",6,1.543352901,1N8Z,1N8Z_HL_A,158_1N8Z,HL,A,forward
25.9,"SH105A,WH107Y,GH108L,GH109T,DH110A,GH111Y,FH112Q,AH114F,MH115F,DH116Y","SH105A,WH107Y,GH108L,GH109T,DH110A,GH111Y,FH112Q,AH114F,MH115F,DH116Y",10,1.547715094,1N8Z,1N8Z_HL_A,159_1N8Z,HL,A,forward
26.06,"SH105A,FH112S,AH114Y,MH115F","SH105A,FH112S,AH114Y,MH115F",4,1.551363771,1N8Z,1N8Z_HL_A,160_1N8Z,HL,A,forward
26.24,"SH105A,WH107Y,DH110R,FH112Y,AH114S,MH115F","SH105A,WH107Y,DH110R,FH112Y,AH114S,MH115F",6,1.55544185,1N8Z,1N8Z_HL_A,161_1N8Z,HL,A,forward
26.3,"SH105A,DH110G,FH112Y,AH114F,MH115F","SH105A,DH110G,FH112Y,AH114F,MH115F",5,1.556794996,1N8Z,1N8Z_HL_A,162_1N8Z,HL,A,forward
26.7,"SH105A,GH109Y,GH111Y,FH112Y,AH114Y,MH115F,YH117V","SH105A,GH109Y,GH111Y,FH112Y,AH114Y,MH115F,YH117V",7,1.565737837,1N8Z,1N8Z_HL_A,163_1N8Z,HL,A,forward
27,"SH105A,RH106A,WH107T,GH108Y,DH110G,GH111L,FH112G,YH113D,AH114M,MH115S,DH116S,YH117I","SH105A,RH106A,WH107T,GH108Y,DH110G,GH111L,FH112G,YH113D,AH114M,MH115S,DH116S,YH117I",12,1.572357481,1N8Z,1N8Z_HL_A,164_1N8Z,HL,A,forward
27,"SH105A,WH107Y,GH109V,DH110Y,GH111P,AH114Y,MH115F","SH105A,WH107Y,GH109V,DH110Y,GH111P,AH114Y,MH115F",7,1.572357481,1N8Z,1N8Z_HL_A,165_1N8Z,HL,A,forward
27.1,"RH106I,GH108E,GH109R,DH110T,FH112Q,AH114S,MH115Y,DH116T,YH117S","RH106I,GH108E,GH109R,DH110T,FH112Q,AH114S,MH115Y,DH116T,YH117S",9,1.574547694,1N8Z,1N8Z_HL_A,166_1N8Z,HL,A,forward
27.9,"SH105A,GH108E,GH109R,DH110Y,FH112Y,AH114V,MH115L,YH117V","SH105A,GH108E,GH109R,DH110Y,FH112Y,AH114V,MH115L,YH117V",8,1.591783877,1N8Z,1N8Z_HL_A,167_1N8Z,HL,A,forward
27.9,"SH105A,GH109Y,DH110G,FH112Y,AH114F,MH115F","SH105A,GH109Y,DH110G,FH112Y,AH114F,MH115F",6,1.591783877,1N8Z,1N8Z_HL_A,168_1N8Z,HL,A,forward
27.97,"SH105A,WH107Y,GH109A,DH110Y,GH111S,FH112S,AH114Y,MH115F,DH116G","SH105A,WH107Y,GH109A,DH110Y,GH111S,FH112S,AH114Y,MH115F,DH116G",9,1.593268454,1N8Z,1N8Z_HL_A,169_1N8Z,HL,A,forward
28.3,"SH105A,GH109Y,DH110G,GH111W,FH112S,AH114Y,MH115F","SH105A,GH109Y,DH110G,GH111W,FH112S,AH114Y,MH115F",7,1.600217499,1N8Z,1N8Z_HL_A,170_1N8Z,HL,A,forward
29.2,"SH105A,GH108R,GH109D,DH110G,FH112Y,AH114Y,MH115F","SH105A,GH108R,GH109D,DH110G,FH112Y,AH114Y,MH115F",7,1.618765337,1N8Z,1N8Z_HL_A,171_1N8Z,HL,A,forward
29.24,"SH105T,WH107Y,GH108Y,FH112Y,AH114D,MH115F","SH105T,WH107Y,GH108Y,FH112Y,AH114D,MH115F",6,1.61957636,1N8Z,1N8Z_HL_A,172_1N8Z,HL,A,forward
29.72,"SH105A,WH107Y,GH108F,GH109Y,GH111H,FH112Y,AH114Y,MH115F,YH117V","SH105A,WH107Y,GH108F,GH109Y,GH111H,FH112Y,AH114Y,MH115F,YH117V",9,1.62922301,1N8Z,1N8Z_HL_A,173_1N8Z,HL,A,forward
30,"SH105A,WH107Y,GH108Y,GH109Y,GH111Y,FH112G,AH114Y,MH115F,YH117V","SH105A,WH107Y,GH108Y,GH109Y,GH111Y,FH112G,AH114Y,MH115F,YH117V",9,1.634778528,1N8Z,1N8Z_HL_A,174_1N8Z,HL,A,forward
30.9,"SH105A,GH109S,DH110Y,FH112Y,AH114Y,MH115F","SH105A,GH109S,DH110Y,FH112Y,AH114Y,MH115F",6,1.652290699,1N8Z,1N8Z_HL_A,175_1N8Z,HL,A,forward
30.9,"SH105A,WH107Y,GH108Y,GH109Y,DH110G,GH111V,FH112Y,AH114Y,MH115F","SH105A,WH107Y,GH108Y,GH109Y,DH110G,GH111V,FH112Y,AH114Y,MH115F",9,1.652290699,1N8Z,1N8Z_HL_A,176_1N8Z,HL,A,forward
30.94,"SH105A,WH107H,GH108Y,GH109D,DH110Y,FH112R,AH114Y,YH117V","SH105A,WH107H,GH108Y,GH109D,DH110Y,FH112R,AH114Y,YH117V",8,1.653057131,1N8Z,1N8Z_HL_A,177_1N8Z,HL,A,forward
31,"SH105A,DH110F,FH112Y,AH114Y,MH115F","SH105A,DH110F,FH112Y,AH114Y,MH115F",5,1.654204923,1N8Z,1N8Z_HL_A,178_1N8Z,HL,A,forward
31.2,"DH110V,FH112K","DH110V,FH112K",2,1.658014917,1N8Z,1N8Z_HL_A,179_1N8Z,HL,A,forward
31.4,"SH105A,WH107Y,DH110G,GH111Y,FH112Y,AH114Y,MH115F,YH117V","SH105A,WH107Y,DH110G,GH111Y,FH112Y,AH114Y,MH115F,YH117V",8,1.661800566,1N8Z,1N8Z_HL_A,180_1N8Z,HL,A,forward
32,"SH105A,GH108Y,GH109Y,DH110G,GH111S,FH112Y,AH114Y,MH115F,YH117V","SH105A,GH108Y,GH109Y,DH110G,GH111S,FH112Y,AH114Y,MH115F,YH117V",9,1.673014503,1N8Z,1N8Z_HL_A,181_1N8Z,HL,A,forward
32.49,"SH105A,DH110Y,FH112Y,AH114Y,MH115F,YH117V","SH105A,DH110Y,FH112Y,AH114Y,MH115F,YH117V",6,1.682017668,1N8Z,1N8Z_HL_A,182_1N8Z,HL,A,forward
32.81,"SH105A,GH108Y,GH109Y,DH110G,FH112A,AH114Y,MH115F,YH117F","SH105A,GH108Y,GH109Y,DH110G,FH112A,AH114Y,MH115F,YH117F",8,1.687824288,1N8Z,1N8Z_HL_A,183_1N8Z,HL,A,forward
32.84,"SH105A,GH109S,DH110E,GH111A,AH114W,MH115F","SH105A,GH109S,DH110E,GH111A,AH114W,MH115F",6,1.688365752,1N8Z,1N8Z_HL_A,184_1N8Z,HL,A,forward
33,"SH105A,RH106P,GH108W,GH109S,DH110G,GH111W,FH112Y,AH114F,MH115F,YH117T","SH105A,RH106P,GH108W,GH109S,DH110G,GH111W,FH112Y,AH114F,MH115F,YH117T",10,1.691245233,1N8Z,1N8Z_HL_A,185_1N8Z,HL,A,forward
33.31,"SH105A,WH107Y,GH108P,GH109N,DH110Y,AH114M,MH115F","SH105A,WH107Y,GH108P,GH109N,DH110Y,AH114M,MH115F",7,1.696784713,1N8Z,1N8Z_HL_A,186_1N8Z,HL,A,forward
33.8,"SH105A,GH108V,GH109S,DH110G,GH111A,FH112R,AH114Y,YH117V","SH105A,GH108V,GH109S,DH110G,GH111A,FH112R,AH114Y,YH117V",8,1.705436378,1N8Z,1N8Z_HL_A,187_1N8Z,HL,A,forward
35.04,"SH105A,WH107F,DH110A,FH112G,AH114Y,MH115F","SH105A,WH107F,DH110A,FH112G,AH114Y,MH115F",6,1.726782105,1N8Z,1N8Z_HL_A,188_1N8Z,HL,A,forward
35.47,"SH105T,WH107Y,GH108R,DH110A,GH111H,FH112G,AH114Y,MH115F","SH105T,WH107Y,GH108R,DH110A,GH111H,FH112G,AH114Y,MH115F",8,1.734008244,1N8Z,1N8Z_HL_A,189_1N8Z,HL,A,forward
35.77,"SH105A,GH108Y,GH109Y,DH110G,FH112S,AH114Y,MH115F","SH105A,GH108Y,GH109Y,DH110G,FH112S,AH114Y,MH115F",7,1.738998043,1N8Z,1N8Z_HL_A,190_1N8Z,HL,A,forward
35.82,"SH105A,WH107Y,GH109D,DH110A,GH111D,MH115F,YH117P","SH105A,WH107Y,GH109D,DH110A,GH111D,MH115F,YH117P",7,1.739825605,1N8Z,1N8Z_HL_A,191_1N8Z,HL,A,forward
36.04,"SH105A,WH107Y,GH108I,GH109F,DH110G,FH112P,AH114Y,MH115F","SH105A,WH107Y,GH108I,GH109F,DH110G,FH112P,AH114Y,MH115F",8,1.74345321,1N8Z,1N8Z_HL_A,192_1N8Z,HL,A,forward
36.13,"GH108E,FH112K","GH108E,FH112K",2,1.744930852,1N8Z,1N8Z_HL_A,193_1N8Z,HL,A,forward
36.22,"SH105A,WH107Y,GH109D,DH110Y,FH112Y,AH114Y,MH115F","SH105A,WH107Y,GH109D,DH110Y,FH112Y,AH114Y,MH115F",7,1.746404818,1N8Z,1N8Z_HL_A,194_1N8Z,HL,A,forward
36.28,"SH105V,WH107Y,GH108P,GH109E,DH110V,GH111Y,FH112G,AH114Y,MH115F","SH105V,WH107Y,GH108P,GH109E,DH110V,GH111Y,FH112G,AH114Y,MH115F",9,1.747385428,1N8Z,1N8Z_HL_A,195_1N8Z,HL,A,forward
36.72,"SH105A,RH106N,WH107V,GH109S,DH110S,GH111L,FH112G,YH113I,MH115A,DH116L,YH117D","SH105A,RH106N,WH107V,GH109S,DH110S,GH111L,FH112G,YH113I,MH115A,DH116L,YH117D",11,1.754527402,1N8Z,1N8Z_HL_A,196_1N8Z,HL,A,forward
36.76,"RH106Y,WH107P,GH108D,GH109F,DH110G,GH111Y,FH112Y,YH113V,AH114Y,MH115F,DH116A","RH106Y,WH107P,GH108D,GH109F,DH110G,GH111Y,FH112Y,YH113V,AH114Y,MH115F,DH116A",11,1.755172423,1N8Z,1N8Z_HL_A,197_1N8Z,HL,A,forward
37.82,"SH105A,RH106K,WH107Y,GH108T,GH109R,DH110G,GH111F,FH112S,AH114G,MH115F,DH116G","SH105A,RH106K,WH107Y,GH108T,GH109R,DH110G,GH111F,FH112S,AH114G,MH115F,DH116G",11,1.772014509,1N8Z,1N8Z_HL_A,198_1N8Z,HL,A,forward
37.83,"SH105A,DH110S,FH112Y","SH105A,DH110S,FH112Y",3,1.772171139,1N8Z,1N8Z_HL_A,199_1N8Z,HL,A,forward
37.95,"SH105A,GH109Y,DH110G,GH111Y,FH112Y,AH114S,MH115F","SH105A,GH109Y,DH110G,GH111Y,FH112Y,AH114S,MH115F",7,1.774047473,1N8Z,1N8Z_HL_A,200_1N8Z,HL,A,forward
38.2,"SH105A,WH107Y,GH109R,DH110N,FH112S,AH114S,MH115Y","SH105A,WH107Y,GH109R,DH110N,FH112S,AH114S,MH115Y",7,1.77793752,1N8Z,1N8Z_HL_A,201_1N8Z,HL,A,forward
38.28,"SH105A,RH106K,WH107F,GH108E,GH109R,DH110G,GH111Y,FH112Y,YH113S,AH114F,MH115D,DH116F,YH117G","SH105A,RH106K,WH107F,GH108E,GH109R,DH110G,GH111Y,FH112Y,YH113S,AH114F,MH115D,DH116F,YH117G",13,1.779176959,1N8Z,1N8Z_HL_A,202_1N8Z,HL,A,forward
38.66,"SH105A,GH108E,FH112S,AH114S","SH105A,GH108E,FH112S,AH114S",4,1.785029145,1N8Z,1N8Z_HL_A,203_1N8Z,HL,A,forward
38.77,"GH109V,FH112Y","GH109V,FH112Y",2,1.786712466,1N8Z,1N8Z_HL_A,204_1N8Z,HL,A,forward
39.1,"SH105A,WH107Y,GH109Y,DH110G,GH111Y,FH112Y,AH114Y,MH115F","SH105A,WH107Y,GH109Y,DH110G,GH111Y,FH112Y,AH114Y,MH115F",8,1.79173392,1N8Z,1N8Z_HL_A,205_1N8Z,HL,A,forward
39.6,"SH105A,GH108Y,DH110Y,FH112Y,AH114L,MH115F,YH117V","SH105A,GH108Y,DH110Y,FH112Y,AH114L,MH115F,YH117V",7,1.799262001,1N8Z,1N8Z_HL_A,206_1N8Z,HL,A,forward
39.66,"SH105A,WH107Y,GH108Y,GH109W,GH111Y,AH114Y,MH115F","SH105A,WH107Y,GH108Y,GH109W,GH111Y,AH114Y,MH115F",7,1.800158976,1N8Z,1N8Z_HL_A,207_1N8Z,HL,A,forward
39.91,"SH105A,WH107Y,GH108P,DH110G,FH112I,AH114D,MH115F,YH117P","SH105A,WH107Y,GH108P,DH110G,FH112I,AH114D,MH115F,YH117P",8,1.803881823,1N8Z,1N8Z_HL_A,208_1N8Z,HL,A,forward
40,"SH105A,WH107Y,DH110Y,FH112Y,AH114W,MH115F","SH105A,WH107Y,DH110Y,FH112Y,AH114W,MH115F",6,1.805216342,1N8Z,1N8Z_HL_A,209_1N8Z,HL,A,forward
40.11,"SH105A,GH108L,GH109R,DH110G,GH111L,FH112G,AH114Y,MH115W","SH105A,GH108L,GH109R,DH110G,GH111L,FH112G,AH114Y,MH115W",8,1.806843349,1N8Z,1N8Z_HL_A,210_1N8Z,HL,A,forward
40.6,"SH105A,WH107Y,GH109D,DH110S,GH111Y,FH112Y,AH114Y,MH115F","SH105A,WH107Y,GH109D,DH110S,GH111Y,FH112Y,AH114Y,MH115F",8,1.81403713,1N8Z,1N8Z_HL_A,211_1N8Z,HL,A,forward
41.25,"SH105A,WH107Y,GH109P,DH110Y,GH111Y,FH112Y","SH105A,WH107Y,GH109P,DH110Y,GH111Y,FH112Y",6,1.823447072,1N8Z,1N8Z_HL_A,212_1N8Z,HL,A,forward
41.57,"SH105T,WH107Y,GH108Y,DH110G,GH111Y,FH112G,AH114Y,MH115F","SH105T,WH107Y,GH108Y,DH110G,GH111Y,FH112G,AH114Y,MH115F",8,1.828025328,1N8Z,1N8Z_HL_A,213_1N8Z,HL,A,forward
41.61,"SH105A,WH107N,GH108Y,GH109Y,GH111Y,FH112Y,AH114Y,MH115L","SH105A,WH107N,GH108Y,GH109Y,GH111Y,FH112Y,AH114Y,MH115L",8,1.828595131,1N8Z,1N8Z_HL_A,214_1N8Z,HL,A,forward
41.63,"SH105V,GH109R,DH110Y,FH112V,AH114Y,MH115F","SH105V,GH109R,DH110Y,FH112V,AH114Y,MH115F",6,1.828879827,1N8Z,1N8Z_HL_A,215_1N8Z,HL,A,forward
41.67,"GH108V,FH112S","GH108V,FH112S",2,1.829448808,1N8Z,1N8Z_HL_A,216_1N8Z,HL,A,forward
42.12,"SH105A,WH107Y,DH110Y,FH112N,AH114W,MH115F,YH117T","SH105A,WH107Y,DH110Y,FH112N,AH114W,MH115F,YH117T",7,1.835812478,1N8Z,1N8Z_HL_A,217_1N8Z,HL,A,forward
42.13,"SH105A,WH107G,GH109Y,DH110G,GH111Y,FH112Y,YH113T,AH114W,MH115F","SH105A,WH107G,GH109Y,DH110G,GH111Y,FH112Y,YH113T,AH114W,MH115F",9,1.83595312,1N8Z,1N8Z_HL_A,218_1N8Z,HL,A,forward
42.25,"SH105A,RH106G,WH107S,GH108S,GH109A,DH110S,FH112W,AH114H,MH115Y,DH116T,YH117T","SH105A,RH106G,WH107S,GH108S,GH109A,DH110S,FH112W,AH114H,MH115Y,DH116T,YH117T",11,1.837638218,1N8Z,1N8Z_HL_A,219_1N8Z,HL,A,forward
42.25,"SH105A,WH107Y,GH109T,DH110G,GH111T,FH112Y,AH114Y,MH115F,DH116L,YH117H","SH105A,WH107Y,GH109T,DH110G,GH111T,FH112Y,AH114Y,MH115F,DH116L,YH117H",10,1.837638218,1N8Z,1N8Z_HL_A,220_1N8Z,HL,A,forward
42.45,"SH105A,GH108E,DH110Y,FH112S,AH114E,MH115F,DH116A","SH105A,GH108E,DH110Y,FH112S,AH114E,MH115F,DH116A",7,1.840436107,1N8Z,1N8Z_HL_A,221_1N8Z,HL,A,forward
42.75,"SH105A,WH107Y,GH108Y,GH109Y,GH111F,FH112G,AH114Y,MH115F","SH105A,WH107Y,GH108Y,GH109Y,GH111F,FH112G,AH114Y,MH115F",8,1.844608321,1N8Z,1N8Z_HL_A,222_1N8Z,HL,A,forward
42.87,"SH105A,WH107Y,DH110L,FH112G,AH114T,MH115L,DH116A","SH105A,WH107Y,DH110L,FH112G,AH114T,MH115L,DH116A",7,1.846269015,1N8Z,1N8Z_HL_A,223_1N8Z,HL,A,forward
43.05,"SH105A,RH106Q,WH107N,GH108W,GH109D,DH110R,FH112S,AH114F,MH115Y,DH116T","SH105A,RH106Q,WH107N,GH108W,GH109D,DH110R,FH112S,AH114F,MH115Y,DH116T",10,1.848751359,1N8Z,1N8Z_HL_A,224_1N8Z,HL,A,forward
45.1,"SH105A,WH107Y,GH109A,DH110R,GH111S,FH112G,MH115Y,DH116E","SH105A,WH107Y,GH109A,DH110R,GH111S,FH112G,MH115Y,DH116E",8,1.876312235,1N8Z,1N8Z_HL_A,225_1N8Z,HL,A,forward
45.51,"SH105A,WH107N,GH108Y,GH109Y,DH110Y,FH112A,AH114Y,MH115F","SH105A,WH107N,GH108Y,GH109Y,DH110Y,FH112A,AH114Y,MH115F",8,1.881673828,1N8Z,1N8Z_HL_A,226_1N8Z,HL,A,forward
46.1,"SH105A,RH106S,WH107V,GH108D,GH109L,DH110G,AH114D,MH115F,DH116R","SH105A,RH106S,WH107V,GH108D,GH109L,DH110G,AH114D,MH115F,DH116R",9,1.889305123,1N8Z,1N8Z_HL_A,227_1N8Z,HL,A,forward
46.1,"SH105A,RH106I,WH107T,GH108F,GH109Y,DH110G,GH111Y,FH112T,YH113I,AH114V,MH115W,DH116E","SH105A,RH106I,WH107T,GH108F,GH109Y,DH110G,GH111Y,FH112T,YH113I,AH114V,MH115W,DH116E",12,1.889305123,1N8Z,1N8Z_HL_A,228_1N8Z,HL,A,forward
46.69,"SH105A,DH110Y,FH112Y,AH114W,MH115F","SH105A,DH110Y,FH112Y,AH114W,MH115F",5,1.89683937,1N8Z,1N8Z_HL_A,229_1N8Z,HL,A,forward
47.98,"SH105A,GH108S,DH110A,GH111S","SH105A,GH108S,DH110A,GH111S",4,1.912986204,1N8Z,1N8Z_HL_A,230_1N8Z,HL,A,forward
48.33,"SH105A,GH108Q,DH110R,GH111S,FH112G,AH114Y","SH105A,GH108Q,DH110R,GH111S,FH112G,AH114Y",6,1.91729228,1N8Z,1N8Z_HL_A,231_1N8Z,HL,A,forward
48.72,"SH105A,GH108L,GH109D,DH110Y,GH111F,FH112Y","SH105A,GH108L,GH109D,DH110Y,GH111F,FH112Y",6,1.922053898,1N8Z,1N8Z_HL_A,232_1N8Z,HL,A,forward
49.87,"SH105A,GH108H,GH109Y,GH111V,FH112G,YH113F,AH114Y,MH115F","SH105A,GH108H,GH109Y,GH111V,FH112G,YH113F,AH114Y,MH115F",8,1.935875801,1N8Z,1N8Z_HL_A,233_1N8Z,HL,A,forward
50,"SH105A,WH107Y,GH109Y,GH111Y,FH112Y,AH114Y,MH115F,YH117V","SH105A,WH107Y,GH109Y,GH111Y,FH112Y,AH114Y,MH115F,YH117V",8,1.937418182,1N8Z,1N8Z_HL_A,234_1N8Z,HL,A,forward
50.85,"SH105A,WH107F,GH109P,DH110A,GH111Y,AH114G,MH115F,DH116Y","SH105A,WH107F,GH109P,DH110A,GH111Y,AH114G,MH115F,DH116Y",8,1.947405214,1N8Z,1N8Z_HL_A,235_1N8Z,HL,A,forward
50.86,"SH105A,WH107Y,GH108M,GH109R,DH110P,GH111A,AH114P,MH115F,DH116L","SH105A,WH107Y,GH108M,GH109R,DH110P,GH111A,AH114P,MH115F,DH116L",9,1.947521713,1N8Z,1N8Z_HL_A,236_1N8Z,HL,A,forward
52.01,"SH105A,GH109S,DH110G,GH111N,FH112Y,AH114E,MH115F","SH105A,GH109S,DH110G,GH111N,FH112Y,AH114E,MH115F",7,1.960768493,1N8Z,1N8Z_HL_A,237_1N8Z,HL,A,forward
53.93,"SH105A,RH106S,WH107Y,GH109S,DH110G,GH111S,FH112Y,YH113F,AH114S,MH115F,DH116P,YH117L","SH105A,RH106S,WH107Y,GH109S,DH110G,GH111S,FH112Y,YH113F,AH114S,MH115F,DH116P,YH117L",12,1.982245412,1N8Z,1N8Z_HL_A,238_1N8Z,HL,A,forward
54.01,"SH105A,WH107Y,GH109Y,DH110G,GH111A,FH112Y,AH114Y,MH115F","SH105A,WH107Y,GH109Y,DH110G,GH111A,FH112Y,AH114Y,MH115F",8,1.983123607,1N8Z,1N8Z_HL_A,239_1N8Z,HL,A,forward
56.27,"SH105T,WH107Y,GH108Y,GH109S,DH110G,GH111H,FH112Y,AH114S,MH115F","SH105T,WH107Y,GH108Y,GH109S,DH110G,GH111H,FH112Y,AH114S,MH115F",9,2.007409587,1N8Z,1N8Z_HL_A,240_1N8Z,HL,A,forward
56.99,"SH105A,WH107Y,GH111Y,FH112Y,AH114Y,MH115Y","SH105A,WH107Y,GH111Y,FH112Y,AH114Y,MH115Y",6,2.014942188,1N8Z,1N8Z_HL_A,241_1N8Z,HL,A,forward
57.56,"SH105A,WH107Y,DH110G,GH111Y,FH112Y,AH114Y,MH115Y","SH105A,WH107Y,DH110G,GH111Y,FH112Y,AH114Y,MH115Y",7,2.02083831,1N8Z,1N8Z_HL_A,242_1N8Z,HL,A,forward
57.63,"SH105T,WH107Y,GH109S,DH110F,FH112Y,MH115L,YH117S","SH105T,WH107Y,GH109S,DH110F,FH112Y,MH115L,YH117S",7,2.021558367,1N8Z,1N8Z_HL_A,243_1N8Z,HL,A,forward
58.1,"SH105A,WH107Y,DH110L,GH111S,FH112Y,AH114S,MH115F,YH117L","SH105A,WH107Y,DH110L,GH111S,FH112Y,AH114S,MH115F,YH117L",8,2.026370498,1N8Z,1N8Z_HL_A,244_1N8Z,HL,A,forward
59.06,"SH105T,WH107Y,GH108F,DH110A,GH111Y,FH112W,AH114W","SH105T,WH107Y,GH108F,DH110A,GH111Y,FH112W,AH114W",7,2.036079727,1N8Z,1N8Z_HL_A,245_1N8Z,HL,A,forward
59.1,"SH105A,RH106K,WH107F,GH108H,GH109W,DH110G,GH111E,FH112D,YH113W,AH114L,MH115S,YH117N","SH105A,RH106K,WH107F,GH108H,GH109W,DH110G,GH111E,FH112D,YH113W,AH114L,MH115S,YH117N",12,2.036480845,1N8Z,1N8Z_HL_A,246_1N8Z,HL,A,forward
60.3,"SH105A,RH106G,WH107S,GH108V,GH109A,DH110E,FH112W,AH114H,MH115Y,DH116R,YH117D","SH105A,RH106G,WH107S,GH108V,GH109A,DH110E,FH112W,AH114H,MH115Y,DH116R,YH117D",11,2.048389829,1N8Z,1N8Z_HL_A,247_1N8Z,HL,A,forward
60.62,"SH105A,WH107Y,GH108Y,DH110S,GH111S,FH112S,AH114Y,MH115F,DH116A","SH105A,WH107Y,GH108Y,DH110S,GH111S,FH112S,AH114Y,MH115F,DH116A",9,2.05152554,1N8Z,1N8Z_HL_A,248_1N8Z,HL,A,forward
60.72,"SH105A,WH107S,GH109Y,DH110P,FH112Y,YH113G,AH114S,MH115F,DH116A","SH105A,WH107S,GH109Y,DH110P,FH112Y,YH113G,AH114S,MH115F,DH116A",9,2.052502055,1N8Z,1N8Z_HL_A,249_1N8Z,HL,A,forward
63.64,"SH105A,WH107T,GH108V,GH109V,DH110G,GH111W,FH112Y,YH113G,AH114R,MH115F","SH105A,WH107T,GH108V,GH109V,DH110G,GH111W,FH112Y,YH113G,AH114R,MH115F",10,2.080328974,1N8Z,1N8Z_HL_A,250_1N8Z,HL,A,forward
65,"SH105A,WH107N,GH108S,DH110T,FH112I,YH113W,MH115F,DH116A","SH105A,WH107N,GH108S,DH110T,FH112I,YH113W,MH115F,DH116A",8,2.092856411,1N8Z,1N8Z_HL_A,251_1N8Z,HL,A,forward
65.33,"SH105A,DH110T,GH111Y,FH112Y","SH105A,DH110T,GH111Y,FH112Y",4,2.095856634,1N8Z,1N8Z_HL_A,252_1N8Z,HL,A,forward
65.58,"SH105A,GH108P,GH109P,DH110Y,GH111Y,FH112W,YH113W,MH115F","SH105A,GH108P,GH109P,DH110Y,GH111Y,FH112W,YH113W,MH115F",8,2.098119459,1N8Z,1N8Z_HL_A,253_1N8Z,HL,A,forward
66.61,"SH105A,GH109N,DH110V,FH112Y,AH114V,MH115L","SH105A,GH109N,DH110V,FH112Y,AH114V,MH115L",6,2.107352198,1N8Z,1N8Z_HL_A,254_1N8Z,HL,A,forward
67,"SH105A,WH107A,DH110T,GH111S,FH112I,YH113S,AH114L,MH115G,DH116H,YH117G","SH105A,WH107A,DH110T,GH111S,FH112I,YH113S,AH114L,MH115G,DH116H,YH117G",10,2.110810875,1N8Z,1N8Z_HL_A,255_1N8Z,HL,A,forward
67.4,"SH105A,WH107Y,GH109D,DH110A,GH111F,FH112I,YH113M,AH114S,MH115F,DH116G,YH117V","SH105A,WH107Y,GH109D,DH110A,GH111F,FH112I,YH113M,AH114S,MH115F,DH116G,YH117V",11,2.114337386,1N8Z,1N8Z_HL_A,256_1N8Z,HL,A,forward
67.6,"SH105A,RH106P,GH109T,DH110Y,GH111R,FH112Y,YH113G,AH114Y,MH115F,YH117H","SH105A,RH106P,GH109T,DH110Y,GH111R,FH112Y,YH113G,AH114Y,MH115F,YH117H",10,2.1160928,1N8Z,1N8Z_HL_A,257_1N8Z,HL,A,forward
70.7,"SH105A,RH106V,WH107Y,GH109P,DH110Y,FH112G,YH113F,AH114S,MH115Y,YH117S","SH105A,RH106V,WH107Y,GH109P,DH110Y,FH112G,YH113F,AH114S,MH115Y,YH117S",10,2.142656919,1N8Z,1N8Z_HL_A,258_1N8Z,HL,A,forward
70.95,"SH105A,GH108Y,GH109Y,DH110G,GH111T,FH112S,AH114Y,MH115F,YH117V","SH105A,GH108Y,GH109Y,DH110G,GH111T,FH112S,AH114Y,MH115F,YH117V",9,2.144748174,1N8Z,1N8Z_HL_A,259_1N8Z,HL,A,forward
71.04,"SH105V,RH106Y,WH107Y,GH108Y,GH109E,DH110A,FH112S,AH114Y,MH115F,YH117G","SH105V,RH106Y,WH107Y,GH108Y,GH109E,DH110A,FH112S,AH114Y,MH115F,YH117G",10,2.145499223,1N8Z,1N8Z_HL_A,260_1N8Z,HL,A,forward
71.77,"SH105A,RH106I,GH108S,GH109M,DH110Y,GH111D,FH112V,YH113G,AH114Y,MH115Y,DH116P,YH117F","SH105A,RH106I,GH108S,GH109M,DH110Y,GH111D,FH112V,YH113G,AH114Y,MH115Y,DH116P,YH117F",12,2.151556134,1N8Z,1N8Z_HL_A,261_1N8Z,HL,A,forward
71.8,"SH105A,WH107Y,GH109L,DH110Y,FH112S,AH114Y,MH115F,DH116R","SH105A,WH107Y,GH109L,DH110Y,FH112S,AH114Y,MH115F,DH116R",8,2.151803728,1N8Z,1N8Z_HL_A,262_1N8Z,HL,A,forward
72.34,"SH105A,WH107Y,DH110S,GH111S,FH112Y,AH114Y,MH115Y","SH105A,WH107Y,DH110S,GH111S,FH112Y,AH114Y,MH115Y",7,2.156242823,1N8Z,1N8Z_HL_A,263_1N8Z,HL,A,forward
72.84,"SH105A,GH108Y,GH109S,DH110G,GH111Y,FH112Y","SH105A,GH108Y,GH109S,DH110G,GH111Y,FH112Y",6,2.160323649,1N8Z,1N8Z_HL_A,264_1N8Z,HL,A,forward
75.07,"SH105A,WH107Y,GH108L,GH109T,GH111A,FH112D,YH113F,AH114R,MH115L,DH116H","SH105A,WH107Y,GH108L,GH109T,GH111A,FH112D,YH113F,AH114R,MH115L,DH116H",10,2.178189487,1N8Z,1N8Z_HL_A,265_1N8Z,HL,A,forward
76.87,"SH105A,RH106Q,GH108Y,GH109D,DH110Y,FH112G,YH113T,AH114Y,MH115L","SH105A,RH106Q,GH108Y,GH109D,DH110Y,FH112G,YH113T,AH114Y,MH115L",9,2.192227442,1N8Z,1N8Z_HL_A,266_1N8Z,HL,A,forward
78.14,"SH105T,GH108R,GH109W,DH110G,GH111Y,FH112G,AH114Y,MH115F,YH117F","SH105T,GH108R,GH109W,DH110G,GH111Y,FH112G,AH114Y,MH115F,YH117F",9,2.201935601,1N8Z,1N8Z_HL_A,267_1N8Z,HL,A,forward
79.05,"SH105A,WH107Y,GH108Y,DH110G,FH112G,AH114Y","SH105A,WH107Y,GH108Y,DH110G,FH112G,AH114Y",6,2.208795291,1N8Z,1N8Z_HL_A,268_1N8Z,HL,A,forward
79.66,"WH107Y,GH109R,DH110G,GH111V,FH112Y,AH114Y,MH115F","WH107Y,GH109R,DH110G,GH111V,FH112Y,AH114Y,MH115F",7,2.213349478,1N8Z,1N8Z_HL_A,269_1N8Z,HL,A,forward
80.1,"SH105T,WH107Y,GH108S,GH109R,DH110S,GH111Y,FH112Y,AH114G,MH115L,YH117P","SH105T,WH107Y,GH108S,GH109R,DH110S,GH111Y,FH112Y,AH114G,MH115L,YH117P",10,2.216612867,1N8Z,1N8Z_HL_A,270_1N8Z,HL,A,forward
83.25,"SH105A,WH107P,GH108S,GH109Y,GH111V,FH112G,YH113G,AH114D,DH116L,YH117F","SH105A,WH107P,GH108S,GH109Y,GH111V,FH112G,YH113G,AH114D,DH116L,YH117F",10,2.239465088,1N8Z,1N8Z_HL_A,271_1N8Z,HL,A,forward
83.55,"SH105A,WH107Y,GH108V,GH109T,DH110A,GH111N,FH112T,AH114S,MH115Y,YH117P","SH105A,WH107Y,GH108V,GH109T,DH110A,GH111N,FH112T,AH114S,MH115Y,YH117P",10,2.241596212,1N8Z,1N8Z_HL_A,272_1N8Z,HL,A,forward
88.13,"SH105A,GH109T,DH110Y,GH111T,FH112Y,YH113G,AH114Y,MH115F","SH105A,GH109T,DH110Y,GH111T,FH112Y,YH113G,AH114Y,MH115F",8,2.273214037,1N8Z,1N8Z_HL_A,273_1N8Z,HL,A,forward
89.59,"SH105A,GH108A,GH109R,DH110G,GH111A,FH112G,AH114Y,MH115W","SH105A,GH108A,GH109R,DH110G,GH111A,FH112G,AH114Y,MH115W",8,2.282948443,1N8Z,1N8Z_HL_A,274_1N8Z,HL,A,forward
90.13,"SH105A,WH107Y,GH108P,GH109S,DH110G,GH111Y,FH112Y,AH114Y,MH115F","SH105A,WH107Y,GH108P,GH109S,DH110G,GH111Y,FH112Y,AH114Y,MH115F",9,2.286508704,1N8Z,1N8Z_HL_A,275_1N8Z,HL,A,forward
97.17,"SH105A,WH107Y,DH110S,GH111S,FH112Y,AH114Y,MH115F","SH105A,WH107Y,DH110S,GH111S,FH112Y,AH114Y,MH115F",7,2.331066395,1N8Z,1N8Z_HL_A,276_1N8Z,HL,A,forward
97.3,"SH105A,WH107Y,GH109D,DH110G,GH111T,FH112Y,AH114F,MH115F,DH116A,YH117H","SH105A,WH107Y,GH109D,DH110G,GH111T,FH112Y,AH114F,MH115F,DH116A,YH117H",10,2.331858484,1N8Z,1N8Z_HL_A,277_1N8Z,HL,A,forward
97.71,"SH105A,RH106K,WH107Y,GH108D,GH109T,DH110A,FH112S,AH114H,MH115F,YH117V","SH105A,RH106K,WH107Y,GH108D,GH109T,DH110A,FH112S,AH114H,MH115F,YH117V",10,2.334349697,1N8Z,1N8Z_HL_A,278_1N8Z,HL,A,forward
98.42,"SH105A,RH106F,WH107A,GH108D,GH109S,DH110G,GH111A,FH112Y,YH113G,AH114I,MH115W,DH116S,YH117F","SH105A,RH106F,WH107A,GH108D,GH109S,DH110G,GH111A,FH112Y,YH113G,AH114I,MH115W,DH116S,YH117F",13,2.338639125,1N8Z,1N8Z_HL_A,279_1N8Z,HL,A,forward
98.95,"SH105A,WH107Y,GH108D,GH109Y,DH110Y,FH112Y,AH114Y,MH115F","SH105A,WH107Y,GH108D,GH109Y,DH110Y,FH112Y,AH114Y,MH115F",8,2.341820969,1N8Z,1N8Z_HL_A,280_1N8Z,HL,A,forward
102,"SH105A,WH107S,GH108Y,GH109A,DH110Y,GH111L,FH112Y,YH113G,AH114S,MH115W","SH105A,WH107S,GH108Y,GH109A,DH110Y,GH111L,FH112Y,YH113G,AH114S,MH115W",10,2.35980671,1N8Z,1N8Z_HL_A,281_1N8Z,HL,A,forward
103.61,"SH105A,WH107D,DH110R,GH111S,FH112Y,AH114S,MH115F,DH116Y","SH105A,WH107D,DH110R,GH111S,FH112Y,AH114S,MH115F,DH116Y",8,2.369085122,1N8Z,1N8Z_HL_A,282_1N8Z,HL,A,forward
104.06,"SH105T,WH107N,GH108V,GH109V,DH110N,GH111L,FH112Y,AH114S,MH115Y,YH117S","SH105T,WH107N,GH108V,GH109V,DH110N,GH111L,FH112Y,AH114S,MH115Y,YH117S",10,2.371652694,1N8Z,1N8Z_HL_A,283_1N8Z,HL,A,forward
105.85,"SH105A,WH107Y,GH108Y,GH109S,DH110Y,FH112G,AH114Y,MH115F","SH105A,WH107Y,GH108Y,GH109S,DH110Y,FH112G,AH114Y,MH115F",8,2.381757165,1N8Z,1N8Z_HL_A,284_1N8Z,HL,A,forward
108.6,"SH105A,WH107N,GH109Y,DH110Y,FH112G,MH115F","SH105A,WH107N,GH109Y,DH110Y,FH112G,MH115F",6,2.396952616,1N8Z,1N8Z_HL_A,285_1N8Z,HL,A,forward
109.2,"SH105V,RH106L,WH107S,GH108R,GH109I,DH110V,GH111V,FH112S,AH114F,MH115Y","SH105V,RH106L,WH107S,GH108R,GH109I,DH110V,GH111V,FH112S,AH114F,MH115Y",10,2.400216823,1N8Z,1N8Z_HL_A,286_1N8Z,HL,A,forward
109.22,"TH59S,SH105A,WH107Y,GH108Y,DH110G,GH111S,FH112M,AH114Y,MH115Y,DH116G","TH59S,SH105A,WH107Y,GH108Y,DH110G,GH111S,FH112M,AH114Y,MH115Y,DH116G",10,2.400325321,1N8Z,1N8Z_HL_A,287_1N8Z,HL,A,forward
110.57,"WH107I,GH108R,GH109R,DH110W,AH114Y,MH115F","WH107I,GH108R,GH109R,DH110W,AH114Y,MH115F",6,2.407603361,1N8Z,1N8Z_HL_A,288_1N8Z,HL,A,forward
112,"SH105A,WH107G,GH108F,GH109V,DH110Y,GH111A,FH112G,YH113I,AH114P,MH115F","SH105A,WH107G,GH108F,GH109V,DH110Y,GH111A,FH112G,YH113I,AH114P,MH115F",10,2.415216408,1N8Z,1N8Z_HL_A,289_1N8Z,HL,A,forward
112.19,"SH105A,WH107Y,GH108Y,GH109S,GH111Y,FH112S,AH114T,MH115F,DH116S","SH105A,WH107Y,GH108Y,GH109S,GH111Y,FH112S,AH114T,MH115F,DH116S",9,2.416220609,1N8Z,1N8Z_HL_A,290_1N8Z,HL,A,forward
116.13,"SH105A,GH108W,GH109Y,DH110G,FH112R,YH113N,AH114Y,MH115F,YH117I","SH105A,GH108W,GH109Y,DH110G,FH112R,YH113N,AH114Y,MH115F,YH117I",9,2.436669914,1N8Z,1N8Z_HL_A,291_1N8Z,HL,A,forward
119.89,"SH105T,WH107S,GH109E,DH110L,GH111Y,FH112G,AH114F,MH115H,YH117M","SH105T,WH107S,GH109E,DH110L,GH111Y,FH112G,AH114F,MH115H,YH117M",9,2.455548042,1N8Z,1N8Z_HL_A,292_1N8Z,HL,A,forward
121.09,"SH105A,GH108A,GH109T,DH110A,GH111L,FH112G,AH114Y,MH115W","SH105A,GH108A,GH109T,DH110A,GH111L,FH112G,AH114Y,MH115W",8,2.461448517,1N8Z,1N8Z_HL_A,293_1N8Z,HL,A,forward
123.1,"SH105A,DH110Y,FH112W,AH114G,MH115F","SH105A,DH110Y,FH112W,AH114G,MH115F",5,2.471202032,1N8Z,1N8Z_HL_A,294_1N8Z,HL,A,forward
124.16,"SH105A,WH107D,DH110G,MH115Y","SH105A,WH107D,DH110G,MH115Y",4,2.476281729,1N8Z,1N8Z_HL_A,295_1N8Z,HL,A,forward
124.99,"SH105A,WH107F,GH108S,DH110Y,FH112A,AH114D,MH115Y,DH116A","SH105A,WH107F,GH108S,DH110Y,FH112A,AH114D,MH115Y,DH116A",8,2.480229046,1N8Z,1N8Z_HL_A,296_1N8Z,HL,A,forward
126.77,"SH105A,WH107D,GH109Y,DH110P,GH111Q,FH112Y,YH113G,AH114G,MH115Y,DH116G","SH105A,WH107D,GH109Y,DH110P,GH111Q,FH112Y,YH113G,AH114G,MH115Y,DH116G",10,2.488606724,1N8Z,1N8Z_HL_A,297_1N8Z,HL,A,forward
127.5,"SH105A,WH107Y,GH109R,FH112S,AH114Y,MH115F","SH105A,WH107Y,GH109R,FH112S,AH114Y,MH115F",6,2.49200855,1N8Z,1N8Z_HL_A,298_1N8Z,HL,A,forward
128.1,"SH105A,RH106G,WH107Y,GH108E,DH110Y,FH112L,AH114P,MH115F,DH116A","SH105A,RH106G,WH107Y,GH108E,DH110Y,FH112L,AH114P,MH115F,DH116A",9,2.494790019,1N8Z,1N8Z_HL_A,299_1N8Z,HL,A,forward
128.37,"SH105A,RH106T,WH107Y,GH108Y,DH110P,GH111Y,FH112Y","SH105A,RH106T,WH107Y,GH108Y,DH110P,GH111Y,FH112Y",7,2.496037433,1N8Z,1N8Z_HL_A,300_1N8Z,HL,A,forward
128.79,"SH105A,WH107S,GH108N,GH109Y,DH110Y,GH111Y,FH112G,YH113S,AH114G,MH115F,DH116A","SH105A,WH107S,GH108N,GH109Y,DH110Y,GH111Y,FH112G,YH113S,AH114G,MH115F,DH116A",11,2.497972649,1N8Z,1N8Z_HL_A,301_1N8Z,HL,A,forward
130.61,"DH110E,FH112Y,YH113H","DH110E,FH112Y,YH113H",3,2.506286298,1N8Z,1N8Z_HL_A,302_1N8Z,HL,A,forward
131.5,"SH105V,WH107L,GH109D,DH110Y,FH112G","SH105V,WH107L,GH109D,DH110Y,FH112G",5,2.51030968,1N8Z,1N8Z_HL_A,303_1N8Z,HL,A,forward
133,"SH105A,GH108W,GH109T,DH110P,GH111A,FH112N,AH114P,MH115F,DH116L","SH105A,GH108W,GH109T,DH110P,GH111A,FH112N,AH114P,MH115F,DH116L",9,2.517029434,1N8Z,1N8Z_HL_A,304_1N8Z,HL,A,forward
133.97,"YH57D,TH59A,SH105A,WH107V,DH110R,FH112Y,AH114Y,MH115Y","YH57D,TH59A,SH105A,WH107V,DH110R,FH112Y,AH114Y,MH115Y",8,2.521334644,1N8Z,1N8Z_HL_A,305_1N8Z,HL,A,forward
134.47,"SH105A,WH107S,GH108H,GH109I,DH110G,GH111Y,FH112Y,YH113G,AH114Q,MH115V,DH116A,YH117L","SH105A,WH107S,GH108H,GH109I,DH110G,GH111Y,FH112Y,YH113G,AH114Q,MH115V,DH116A,YH117L",12,2.523541665,1N8Z,1N8Z_HL_A,306_1N8Z,HL,A,forward
135.02,"SH105A,RH106S,WH107Y,GH108Y,GH109A,DH110P,FH112S,AH114G,MH115F,YH117P","SH105A,RH106S,WH107Y,GH108Y,GH109A,DH110P,FH112S,AH114G,MH115F,YH117P",10,2.525959929,1N8Z,1N8Z_HL_A,307_1N8Z,HL,A,forward
135.31,"SH105A,WH107Y,GH109L,DH110N,GH111H,FH112Y,AH114V,MH115Y,DH116P","SH105A,WH107Y,GH109L,DH110N,GH111H,FH112Y,AH114V,MH115Y,DH116P",9,2.527231051,1N8Z,1N8Z_HL_A,308_1N8Z,HL,A,forward
135.37,"SH105A,WH107S,GH108Y,GH109F,DH110R,GH111F,FH112T,YH113G,AH114D,MH115F,DH116F","SH105A,WH107S,GH108Y,GH109F,DH110R,GH111F,FH112T,YH113G,AH114D,MH115F,DH116F",11,2.527493701,1N8Z,1N8Z_HL_A,309_1N8Z,HL,A,forward
139.75,"SH105A,GH108W,DH110Y,FH112Y,AH114Y,MH115F,DH116A","SH105A,GH108W,DH110Y,FH112Y,AH114Y,MH115F,DH116A",7,2.546359352,1N8Z,1N8Z_HL_A,310_1N8Z,HL,A,forward
141.43,"WH107Y,GH108Y,GH109D,DH110Y,GH111N,FH112Y,AH114F","WH107Y,GH108Y,GH109D,DH110Y,GH111N,FH112Y,AH114F",7,2.553439025,1N8Z,1N8Z_HL_A,311_1N8Z,HL,A,forward
146.32,"SH105A,WH107D,DH110S,GH111S,FH112S,AH114S,MH115Y,DH116S","SH105A,WH107D,DH110S,GH111S,FH112S,AH114S,MH115Y,DH116S",8,2.573577125,1N8Z,1N8Z_HL_A,312_1N8Z,HL,A,forward
148.77,"SH105A,WH107T,GH108T,GH109S,DH110S,GH111I,FH112P,YH113S,AH114S,MH115F","SH105A,WH107T,GH108T,GH109S,DH110S,GH111I,FH112P,YH113S,AH114S,MH115F",10,2.583415078,1N8Z,1N8Z_HL_A,313_1N8Z,HL,A,forward
150.36,"SH105A,WH107Y,GH108R,GH109Y,DH110G,GH111Y,FH112Y,AH114Y,YH117V","SH105A,WH107Y,GH108R,GH109Y,DH110G,GH111Y,FH112Y,AH114Y,YH117V",9,2.589713393,1N8Z,1N8Z_HL_A,314_1N8Z,HL,A,forward
151.1,"SH105A,WH107Y,GH109S,DH110L,GH111T,FH112Y,DH116H","SH105A,WH107Y,GH109S,DH110L,GH111T,FH112Y,DH116H",7,2.592622007,1N8Z,1N8Z_HL_A,315_1N8Z,HL,A,forward
152.88,"SH105A,WH107Y,GH108Y,GH109Y,DH110L,GH111D,FH112Y,AH114Y,MH115F","SH105A,WH107Y,GH108Y,GH109Y,DH110L,GH111D,FH112Y,AH114Y,MH115F",9,2.599560467,1N8Z,1N8Z_HL_A,316_1N8Z,HL,A,forward
153.52,"SH105A,WH107D,GH109Y,DH110P,GH111F,FH112Y,YH113S,AH114G","SH105A,WH107D,GH109Y,DH110P,GH111F,FH112Y,YH113S,AH114G",8,2.602035466,1N8Z,1N8Z_HL_A,317_1N8Z,HL,A,forward
154.68,"SH105A,RH106T,WH107S,GH109S,DH110V,GH111D,FH112R,AH114D,MH115Y,DH116V","SH105A,RH106T,WH107S,GH109S,DH110V,GH111D,FH112R,AH114D,MH115Y,DH116V",10,2.606495216,1N8Z,1N8Z_HL_A,318_1N8Z,HL,A,forward
155.5,"SH105A,WH107Y,GH108N,GH109P,DH110F,GH111D,FH112G,YH113F,AH114Y,MH115F,YH117V","SH105A,WH107Y,GH108N,GH109P,DH110F,GH111D,FH112G,YH113F,AH114Y,MH115F,YH117V",11,2.609627667,1N8Z,1N8Z_HL_A,319_1N8Z,HL,A,forward
157.39,"SH105A,WH107S,GH108S,DH110Y,GH111Y,FH112Y,AH114G,MH115F,DH116V","SH105A,WH107S,GH108S,DH110Y,GH111Y,FH112Y,AH114G,MH115F,DH116V",9,2.616785121,1N8Z,1N8Z_HL_A,320_1N8Z,HL,A,forward
160.15,"YH57D,TH59A,NH62D,SH105A,WH107E,DH110Y,FH112Y","YH57D,TH59A,NH62D,SH105A,WH107E,DH110Y,FH112Y",7,2.62708435,1N8Z,1N8Z_HL_A,321_1N8Z,HL,A,forward
165.5,"SH105A,WH107G,GH108Y,GH109Y,DH110Q,GH111D,FH112S,YH113Q,AH114S,MH115W,DH116G","SH105A,WH107G,GH108Y,GH109Y,DH110Q,GH111D,FH112S,YH113Q,AH114S,MH115W,DH116G",11,2.646552511,1N8Z,1N8Z_HL_A,322_1N8Z,HL,A,forward
168.68,"SH105A,WH107V,DH110Y,FH112Y,AH114S,MH115Y","SH105A,WH107V,DH110Y,FH112Y,AH114S,MH115Y",6,2.657828196,1N8Z,1N8Z_HL_A,323_1N8Z,HL,A,forward
170.52,"SH105A,RH106S,WH107S,GH109R,DH110L,GH111D,FH112L,AH114D,MH115F,DH116R,YH117L","SH105A,RH106S,WH107S,GH109R,DH110L,GH111D,FH112L,AH114D,MH115F,DH116R,YH117L",11,2.664255804,1N8Z,1N8Z_HL_A,324_1N8Z,HL,A,forward
171.22,"SH105A,RH106T,WH107G,GH108Y,DH110Y,GH111L,FH112L,AH114S,MH115D,DH116H,YH117D","SH105A,RH106T,WH107G,GH108Y,DH110Y,GH111L,FH112L,AH114S,MH115D,DH116H,YH117D",11,2.666682895,1N8Z,1N8Z_HL_A,325_1N8Z,HL,A,forward
181.9,"SH105A,RH106T,WH107G,GH108S,DH110G,FH112G,YH113F,AH114S,MH115Y,DH116G","SH105A,RH106T,WH107G,GH108S,DH110G,FH112G,YH113F,AH114S,MH115Y,DH116G",10,2.702530865,1N8Z,1N8Z_HL_A,326_1N8Z,HL,A,forward
188.46,"SH105A,RH106Q,WH107Y,GH109R,DH110G,FH112Y,YH113W,AH114Y,MH115F","SH105A,RH106Q,WH107Y,GH109R,DH110G,FH112Y,YH113W,AH114Y,MH115F",9,2.723520666,1N8Z,1N8Z_HL_A,327_1N8Z,HL,A,forward
188.5,"SH105A,WH107S,GH108Y,GH109A,DH110F,GH111L,FH112Y,YH113G,AH114R","SH105A,WH107S,GH108Y,GH109A,DH110F,GH111L,FH112Y,YH113G,AH114R",9,2.723646399,1N8Z,1N8Z_HL_A,328_1N8Z,HL,A,forward
190.9,"SH105A,WH107Y,GH108S,GH109Y,DH110Y,FH112G,YH113G,MH115F","SH105A,WH107Y,GH108S,GH109Y,DH110Y,FH112G,YH113G,MH115F",8,2.731141938,1N8Z,1N8Z_HL_A,329_1N8Z,HL,A,forward
192.08,"TH37Y,TH59S,NH62R,SH105A,WH107H,GH109S,DH110E,FH112R,AH114T,YH117V","TH37Y,TH59S,NH62R,SH105A,WH107H,GH109S,DH110E,FH112R,AH114T,YH117V",10,2.734792758,1N8Z,1N8Z_HL_A,330_1N8Z,HL,A,forward
205.07,"SH105A,WH107D,GH108S,GH109P,DH110Y,GH111Y,FH112G,YH113S,AH114L,MH115Y,DH116L","SH105A,WH107D,GH108S,GH109P,DH110Y,GH111Y,FH112G,YH113S,AH114L,MH115Y,DH116L",11,2.77356248,1N8Z,1N8Z_HL_A,331_1N8Z,HL,A,forward
213.14,"TH59A,SH105A,WH107E,DH110V,FH112Y,AH114S,MH115F,DH116A","TH59A,SH105A,WH107E,DH110V,FH112Y,AH114S,MH115F,DH116A",8,2.796429848,1N8Z,1N8Z_HL_A,332_1N8Z,HL,A,forward
213.8,"WH107Y,GH108S,GH109Y,DH110S,FH112G,YH113H,MH115F,DH116A","WH107Y,GH108S,GH109Y,DH110S,FH112G,YH113H,MH115F,DH116A",8,2.798261574,1N8Z,1N8Z_HL_A,333_1N8Z,HL,A,forward
222.67,"SH105A,GH108Y,DH110L,FH112S,AH114G,MH115L,DH116T","SH105A,GH108Y,DH110L,FH112S,AH114G,MH115L,DH116T",7,2.822344662,1N8Z,1N8Z_HL_A,334_1N8Z,HL,A,forward
224.9,"IH30V,KH35S,DH36S,TH37S,TH59E,YH64S,WH107Y,GH108S,GH109Y,DH110Y,FH112G,MH115F","IH30V,KH35S,DH36S,TH37S,TH59E,YH64S,WH107Y,GH108S,GH109Y,DH110Y,FH112G,MH115F",12,2.828248449,1N8Z,1N8Z_HL_A,335_1N8Z,HL,A,forward
225.85,"SH105A,GH108E,GH109Q,DH110A,GH111S,FH112V,YH113G,AH114S,MH115F,DH116G","SH105A,GH108E,GH109Q,DH110A,GH111S,FH112V,YH113G,AH114S,MH115F,DH116G",10,2.830745754,1N8Z,1N8Z_HL_A,336_1N8Z,HL,A,forward
227.95,"SH105A,WH107S,DH110Y,GH111Y,FH112H,AH114G,MH115F,DH116V","SH105A,WH107S,DH110Y,GH111Y,FH112H,AH114G,MH115F,DH116V",8,2.836229042,1N8Z,1N8Z_HL_A,337_1N8Z,HL,A,forward
230.09,"TH59S,SH105A,WH107S,GH108S,DH110Y,GH111Y,FH112S,AH114S,MH115Y","TH59S,SH105A,WH107S,GH108S,DH110Y,GH111Y,FH112S,AH114S,MH115Y",9,2.84176505,1N8Z,1N8Z_HL_A,338_1N8Z,HL,A,forward
230.51,"SH105A,GH108R,GH109Y,DH110G,FH112A,AH114Q,MH115F,DH116A,YH117L","SH105A,GH108R,GH109Y,DH110G,FH112A,AH114Q,MH115F,DH116A,YH117L",9,2.84284551,1N8Z,1N8Z_HL_A,339_1N8Z,HL,A,forward
230.61,"GH109T,FH112V","GH109T,FH112V",2,2.843102472,1N8Z,1N8Z_HL_A,340_1N8Z,HL,A,forward
231.3,"SH105A,WH107D,DH110M,GH111Y,FH112R,AH114G,MH115L,DH116Y,YH117G","SH105A,WH107D,DH110M,GH111Y,FH112R,AH114G,MH115L,DH116Y,YH117G",9,2.84487248,1N8Z,1N8Z_HL_A,341_1N8Z,HL,A,forward
239.28,"GH108D,FH112N","GH108D,FH112N",2,2.864967767,1N8Z,1N8Z_HL_A,342_1N8Z,HL,A,forward
243.36,"SH105A,WH107Y,DH110G,GH111P,FH112S,AH114R,MH115L,DH116S","SH105A,WH107Y,DH110G,GH111P,FH112S,AH114R,MH115L,DH116S",8,2.874984598,1N8Z,1N8Z_HL_A,343_1N8Z,HL,A,forward
250.7,"SH105A,GH108S,DH110G,GH111S,FH112L,MH115L","SH105A,GH108S,DH110G,GH111S,FH112L,MH115L",6,2.892589413,1N8Z,1N8Z_HL_A,344_1N8Z,HL,A,forward
253.19,"WH107K,AH114G","WH107K,AH114G",2,2.898444729,1N8Z,1N8Z_HL_A,345_1N8Z,HL,A,forward
256,"SH105A,WH107G,GH108H,GH109Y,DH110S,GH111L,FH112G,AH114S,MH115F,YH117F","SH105A,WH107G,GH108H,GH109Y,DH110S,GH111L,FH112G,AH114S,MH115F,YH117F",10,2.904983769,1N8Z,1N8Z_HL_A,346_1N8Z,HL,A,forward
256.24,"WH107R,GH111Y","WH107R,GH111Y",2,2.905538933,1N8Z,1N8Z_HL_A,347_1N8Z,HL,A,forward
257.05,"SH105A,WH107D,DH110I,GH111A,FH112Y,AH114Y,MH115F,DH116A","SH105A,WH107D,DH110I,GH111A,FH112Y,AH114Y,MH115F,DH116A",8,2.907408778,1N8Z,1N8Z_HL_A,348_1N8Z,HL,A,forward
257.12,"SH105A,WH107Y,DH110R,GH111S,FH112S,AH114Y,MH115F","SH105A,WH107Y,DH110R,GH111S,FH112S,AH114Y,MH115F",7,2.907570093,1N8Z,1N8Z_HL_A,349_1N8Z,HL,A,forward
267.19,"WH107S,GH111Q","WH107S,GH111Q",2,2.930330388,1N8Z,1N8Z_HL_A,350_1N8Z,HL,A,forward
277.34,"YH57D,TH59E,SH105A,WH107V,DH110Y,FH112Y,AH114Y,MH115Y","YH57D,TH59E,SH105A,WH107V,DH110Y,FH112Y,AH114Y,MH115Y",8,2.952419471,1N8Z,1N8Z_HL_A,351_1N8Z,HL,A,forward
277.54,"SH105A,WH107D,GH109I,DH110Y,FH112Y,YH113G,AH114G,MH115F,DH116A","SH105A,WH107D,GH109I,DH110Y,FH112Y,YH113G,AH114G,MH115F,DH116A",9,2.952846556,1N8Z,1N8Z_HL_A,352_1N8Z,HL,A,forward
277.82,"SH105A,WH107D,GH108V,GH109Y,DH110V,FH112S,YH113P,AH114V,MH115F","SH105A,WH107D,GH108V,GH109Y,DH110V,FH112S,YH113P,AH114V,MH115F",9,2.953443958,1N8Z,1N8Z_HL_A,353_1N8Z,HL,A,forward
278,"SH105A,WH107S,GH108N,GH109N,DH110W,GH111Y,FH112S,AH114S,MH115F,DH116Q,YH117F","SH105A,WH107S,GH108N,GH109N,DH110W,GH111Y,FH112S,AH114S,MH115F,DH116Q,YH117F",11,2.953827684,1N8Z,1N8Z_HL_A,354_1N8Z,HL,A,forward
280.77,"GH109A,YH113T","GH109A,YH113T",2,2.959701677,1N8Z,1N8Z_HL_A,355_1N8Z,HL,A,forward
301,"SH105A,RH106Y,WH107M,GH109S,DH110H,GH111T,FH112I,AH114S,MH115F,DH116E,YH117H","SH105A,RH106Y,WH107M,GH109S,DH110H,GH111T,FH112I,AH114S,MH115F,DH116E,YH117H",11,3.00092119,1N8Z,1N8Z_HL_A,356_1N8Z,HL,A,forward
301.77,"GH109L,FH112V","GH109L,FH112V",2,3.002434829,1N8Z,1N8Z_HL_A,357_1N8Z,HL,A,forward
307.53,"SH105A,WH107S,DH110G,GH111S,FH112Y,AH114Y,MH115Y","SH105A,WH107S,DH110G,GH111S,FH112Y,AH114Y,MH115Y",7,3.013636619,1N8Z,1N8Z_HL_A,358_1N8Z,HL,A,forward
310.88,"YH113T,AH114F","YH113T,AH114F",2,3.020055446,1N8Z,1N8Z_HL_A,359_1N8Z,HL,A,forward
321.95,"SH105A,RH106T,WH107S,GH109T,DH110A,GH111S,FH112W,YH113Q,AH114H,MH115Y,DH116G,YH117V","SH105A,RH106T,WH107S,GH109T,DH110A,GH111S,FH112W,YH113Q,AH114H,MH115Y,DH116G,YH117V",12,3.040784907,1N8Z,1N8Z_HL_A,360_1N8Z,HL,A,forward
327.57,"SH105A,WH107L,GH109A,DH110S,GH111H,FH112G,AH114L,MH115Y,YH117D","SH105A,WH107L,GH109A,DH110S,GH111H,FH112G,AH114L,MH115Y,YH117D",9,3.051037596,1N8Z,1N8Z_HL_A,361_1N8Z,HL,A,forward
329.97,"SH105A,WH107S,GH108T,DH110S,AH114S,MH115Y","SH105A,WH107S,GH108T,DH110S,AH114S,MH115Y",6,3.055362477,1N8Z,1N8Z_HL_A,362_1N8Z,HL,A,forward
337.65,"SH105A,WH107S,DH110Y,GH111Y,FH112T,AH114G,MH115F","SH105A,WH107S,DH110Y,GH111Y,FH112T,AH114G,MH115F",7,3.06899368,1N8Z,1N8Z_HL_A,363_1N8Z,HL,A,forward
347.56,"TH59S,SH105A,WH107S,GH109Y,DH110Y,GH111Y,FH112S,AH114S,MH115F","TH59S,SH105A,WH107S,GH109Y,DH110Y,GH111Y,FH112S,AH114S,MH115F",9,3.086131809,1N8Z,1N8Z_HL_A,364_1N8Z,HL,A,forward
353.55,"SH105T,WH107Y,GH108S,GH109Y,DH110Y,FH112Y,YH113H","SH105T,WH107Y,GH108S,GH109Y,DH110Y,FH112Y,YH113H",7,3.096255395,1N8Z,1N8Z_HL_A,365_1N8Z,HL,A,forward
357.6,"SH105A,WH107D,GH108Y,GH109D,DH110F,FH112L,YH113S,AH114V,MH115G,DH116A,YH117V","SH105A,WH107D,GH108Y,GH109D,DH110F,FH112L,YH113S,AH114V,MH115G,DH116A,YH117V",11,3.103003498,1N8Z,1N8Z_HL_A,366_1N8Z,HL,A,forward
361.85,"WH107Y,GH108S,GH109Y,DH110S,FH112G,YH113G,AH114S,MH115F","WH107Y,GH108S,GH109Y,DH110S,FH112G,YH113G,AH114S,MH115F",8,3.110003151,1N8Z,1N8Z_HL_A,367_1N8Z,HL,A,forward
363.6,"SH105A,WH107D,DH110G,FH112V,MH115F,DH116T","SH105A,WH107D,DH110G,FH112V,MH115F,DH116T",6,3.112861495,1N8Z,1N8Z_HL_A,368_1N8Z,HL,A,forward
366.22,"SH105A,WH107Y,GH108S,GH111S,FH112Y,AH114Y,MH115Y","SH105A,WH107Y,GH108S,GH111S,FH112Y,AH114Y,MH115Y",7,3.117115231,1N8Z,1N8Z_HL_A,369_1N8Z,HL,A,forward
367,"SH105A,WH107Y,GH108H,GH109Y,DH110R,GH111T,FH112I,YH113G,AH114S,MH115F,DH116G","SH105A,WH107Y,GH108H,GH109Y,DH110R,GH111T,FH112I,YH113G,AH114S,MH115F,DH116G",11,3.118375733,1N8Z,1N8Z_HL_A,370_1N8Z,HL,A,forward
368.48,"SH105A,RH106W,WH107A,GH108S,DH110Y,FH112G,AH114G","SH105A,RH106W,WH107A,GH108S,DH110Y,FH112G,AH114G",7,3.120760109,1N8Z,1N8Z_HL_A,371_1N8Z,HL,A,forward
381.22,"SH105A,WH107Y,GH108R,GH109D,DH110G,GH111Y,FH112D,AH114Y,MH115F","SH105A,WH107Y,GH108R,GH109D,DH110G,GH111Y,FH112D,AH114Y,MH115F",9,3.14089767,1N8Z,1N8Z_HL_A,372_1N8Z,HL,A,forward
393.99,"YH113Q,AH114H","YH113Q,AH114H",2,3.160418307,1N8Z,1N8Z_HL_A,373_1N8Z,HL,A,forward
394.14,"YH38W,YH57D,TH59A,SH105A,WH107V,DH110R,FH112Y,AH114Y,MH115Y","YH38W,YH57D,TH59A,SH105A,WH107V,DH110R,FH112Y,AH114Y,MH115Y",9,3.160643822,1N8Z,1N8Z_HL_A,374_1N8Z,HL,A,forward
402.38,"SH105A,WH107D,DH110R,FH112R","SH105A,WH107D,DH110R,FH112R",4,3.172902092,1N8Z,1N8Z_HL_A,375_1N8Z,HL,A,forward
422.65,"SH105A,WH107Y,GH108S,DH110S,GH111S,FH112Y,AH114Y,MH115Y","SH105A,WH107Y,GH108S,DH110S,GH111S,FH112Y,AH114Y,MH115Y",8,3.202019624,1N8Z,1N8Z_HL_A,376_1N8Z,HL,A,forward
440.64,"SH105A,WH107Y,DH110S,GH111S,FH112N,AH114Y,MH115Y","SH105A,WH107Y,DH110S,GH111S,FH112N,AH114Y,MH115Y",7,3.226715276,1N8Z,1N8Z_HL_A,377_1N8Z,HL,A,forward
444.26,"SH105A,RH106T,WH107G,GH108L,GH109S,DH110P,GH111S,FH112G,YH113S,AH114N,MH115G,DH116P","SH105A,RH106T,WH107G,GH108L,GH109S,DH110P,GH111S,FH112G,YH113S,AH114N,MH115G,DH116P",12,3.231562576,1N8Z,1N8Z_HL_A,378_1N8Z,HL,A,forward
465.34,"SH105V,WH107S,GH109Y,GH111Y,FH112Y,YH113S,AH114W,MH115F,DH116A","SH105V,WH107S,GH109Y,GH111Y,FH112Y,YH113S,AH114W,MH115F,DH116A",9,3.259027669,1N8Z,1N8Z_HL_A,379_1N8Z,HL,A,forward
475.78,"TH59A,SH105A,RH106S,WH107S,DH110G,GH111Y,FH112S,AH114Y,MH115Y,DH116T","TH59A,SH105A,RH106S,WH107S,DH110G,GH111Y,FH112S,AH114Y,MH115Y,DH116T",10,3.272172545,1N8Z,1N8Z_HL_A,380_1N8Z,HL,A,forward
477.55,"SH105A,WH107Y,GH108S,GH109Y,DH110Y,FH112G,YH113G,AH114Y,MH115F","SH105A,WH107Y,GH108S,GH109Y,DH110Y,FH112G,YH113G,AH114Y,MH115F",9,3.274372499,1N8Z,1N8Z_HL_A,381_1N8Z,HL,A,forward
494.72,"SH105A,WH107S,GH108Y,DH110S,FH112S,AH114S,MH115F","SH105A,WH107S,GH108Y,DH110S,FH112S,AH114S,MH115F",7,3.295299727,1N8Z,1N8Z_HL_A,382_1N8Z,HL,A,forward
496,"SH105A,WH107G,GH108Y,GH109A,DH110Y,GH111Y,FH112V,YH113A,AH114G,MH115R,DH116E","SH105A,WH107G,GH108Y,GH109A,DH110Y,GH111Y,FH112V,YH113A,AH114G,MH115R,DH116E",11,3.296830612,1N8Z,1N8Z_HL_A,383_1N8Z,HL,A,forward
497.74,"WH107Y,GH108S,GH109Y,DH110Y,FH112G,YH113G,AH114G,MH115F","WH107Y,GH108S,GH109Y,DH110Y,FH112G,YH113G,AH114G,MH115F",8,3.298905335,1N8Z,1N8Z_HL_A,384_1N8Z,HL,A,forward
542.45,"NH62S,SH105A,RH106S,WH107D,DH110V,GH111S,FH112S,AH114S,MH115F","NH62S,SH105A,RH106S,WH107D,DH110V,GH111S,FH112S,AH114S,MH115F",9,3.349866907,1N8Z,1N8Z_HL_A,385_1N8Z,HL,A,forward
553.82,"TH59A,SH105A,RH106S,WH107S,DH110S,GH111S,FH112S,AH114Y,MH115Y,DH116N","TH59A,SH105A,RH106S,WH107S,DH110S,GH111S,FH112S,AH114Y,MH115Y,DH116N",10,3.362156617,1N8Z,1N8Z_HL_A,386_1N8Z,HL,A,forward
566.15,"SH105A,WH107S,GH108R,DH110S,GH111S,FH112S,AH114M","SH105A,WH107S,GH108R,DH110S,GH111S,FH112S,AH114M",7,3.375202017,1N8Z,1N8Z_HL_A,387_1N8Z,HL,A,forward
566.77,"SH105A,WH107D,GH108R,DH110V,GH111S,FH112G,AH114Y,MH115L,DH116Y","SH105A,WH107D,GH108R,DH110V,GH111S,FH112G,AH114Y,MH115L,DH116Y",9,3.375850466,1N8Z,1N8Z_HL_A,388_1N8Z,HL,A,forward
569.89,"SH105A,WH107N,GH108Y,GH109Y,DH110G,GH111A,FH112A,AH114Y,MH115F","SH105A,WH107N,GH108Y,GH109Y,DH110G,GH111A,FH112A,AH114Y,MH115F",9,3.379102898,1N8Z,1N8Z_HL_A,389_1N8Z,HL,A,forward
590.53,"TH59S,NH62S,SH105A,RH106S,WH107S,DH110R,GH111Y,FH112Y,AH114Y,MH115Y","TH59S,NH62S,SH105A,RH106S,WH107S,DH110R,GH111Y,FH112Y,AH114Y,MH115Y",10,3.400180609,1N8Z,1N8Z_HL_A,390_1N8Z,HL,A,forward
602.21,"SH105A,WH107T,GH108D,GH109I,DH110I,GH111Y,FH112S,YH113G,AH114H,MH115F,DH116A","SH105A,WH107T,GH108D,GH109I,DH110I,GH111Y,FH112S,YH113G,AH114H,MH115F,DH116A",11,3.411784245,1N8Z,1N8Z_HL_A,391_1N8Z,HL,A,forward
603.04,"SH105A,WH107S,DH110S,FH112Y,AH114S,MH115Y,DH116N","SH105A,WH107S,DH110S,FH112Y,AH114S,MH115Y,DH116N",7,3.412600234,1N8Z,1N8Z_HL_A,392_1N8Z,HL,A,forward
637.2,"SH105A,WH107F,GH108M,DH110G,FH112Y,YH113T,AH114S,MH115S","SH105A,WH107F,GH108M,DH110G,FH112Y,YH113T,AH114S,MH115S",8,3.445244367,1N8Z,1N8Z_HL_A,393_1N8Z,HL,A,forward
642.24,"IH30F,TH59A,SH105A,RH106S,WH107D,DH110S,GH111Y,FH112S,MH115F","IH30F,TH59A,SH105A,RH106S,WH107D,DH110S,GH111Y,FH112S,MH115F",9,3.449911992,1N8Z,1N8Z_HL_A,394_1N8Z,HL,A,forward
667.96,"SH105A,WH107S,GH108S,DH110S,GH111S,FH112Y,AH114G,MH115F","SH105A,WH107S,GH108S,DH110S,GH111S,FH112Y,AH114G,MH115F",8,3.473175346,1N8Z,1N8Z_HL_A,395_1N8Z,HL,A,forward
669.18,"TH59E,NH62D,YH64S,SH105A,WH107S,DH110S,GH111S,FH112T,MH115Y","TH59E,NH62D,YH64S,SH105A,WH107S,DH110S,GH111S,FH112T,MH115Y",9,3.474256447,1N8Z,1N8Z_HL_A,396_1N8Z,HL,A,forward
680.03,"SH105A,WH107S,DH110S,GH111S,AH114G","SH105A,WH107S,DH110S,GH111S,AH114G",5,3.483785345,1N8Z,1N8Z_HL_A,397_1N8Z,HL,A,forward
712.8,"SH105A,WH107G,GH108Y,GH109Y,GH111T,FH112S,YH113Q,AH114S,MH115H,DH116A","SH105A,WH107G,GH108Y,GH109Y,GH111T,FH112S,YH113Q,AH114S,MH115H,DH116A",10,3.511668483,1N8Z,1N8Z_HL_A,398_1N8Z,HL,A,forward
809.63,"PH58S,TH59S,NH62D,SH105A,WH107S,DH110S,GH111S,FH112Y,AH114Y,MH115Y","PH58S,TH59S,NH62D,SH105A,WH107S,DH110S,GH111S,FH112Y,AH114Y,MH115Y",10,3.587132929,1N8Z,1N8Z_HL_A,399_1N8Z,HL,A,forward
863.55,"SH105A,WH107Y,GH108S,DH110S,FH112G,YH113N,MH115F,DH116A","SH105A,WH107Y,GH108S,DH110S,FH112G,YH113N,MH115F,DH116A",8,3.625330943,1N8Z,1N8Z_HL_A,400_1N8Z,HL,A,forward
901.24,"SH105A,WH107T,DH110S,GH111S,FH112Y,MH115Y","SH105A,WH107T,DH110S,GH111S,FH112Y,MH115Y",6,3.650640369,1N8Z,1N8Z_HL_A,401_1N8Z,HL,A,forward
906.53,"TH59S,SH105A,WH107Y,GH108R,DH110S,GH111S,FH112S,AH114Y,MH115F","TH59S,SH105A,WH107Y,GH108R,DH110S,GH111S,FH112S,AH114Y,MH115F",9,3.654107713,1N8Z,1N8Z_HL_A,402_1N8Z,HL,A,forward
959.35,"SH105A,WH107H,GH108Y,GH109Y,DH110G,GH111W,FH112S,YH113S,AH114G,MH115Y","SH105A,WH107H,GH108Y,GH109Y,DH110G,GH111W,FH112S,YH113S,AH114G,MH115Y",10,3.687659363,1N8Z,1N8Z_HL_A,403_1N8Z,HL,A,forward
994.32,"SH105A,WH107S,GH108A,DH110I,FH112Y","SH105A,WH107S,GH108A,DH110I,FH112Y",5,3.70887099,1N8Z,1N8Z_HL_A,404_1N8Z,HL,A,forward
1052.08,"WH107Y,GH109Y,DH110S,FH112Y,YH113G,MH115F","WH107Y,GH109Y,DH110S,FH112Y,YH113G,MH115F",6,3.742323998,1N8Z,1N8Z_HL_A,405_1N8Z,HL,A,forward
1065.31,"SH105A,WH107S,DH110S,GH111Y,FH112S,AH114S,MH115F,YH117V","SH105A,WH107S,DH110S,GH111Y,FH112S,AH114S,MH115F,YH117V",8,3.749727681,1N8Z,1N8Z_HL_A,406_1N8Z,HL,A,forward
1067.07,"SH105A,WH107S,DH110S,GH111S,FH112Y,AH114Y,MH115Y","SH105A,WH107S,DH110S,GH111S,FH112Y,AH114Y,MH115Y",7,3.750705664,1N8Z,1N8Z_HL_A,407_1N8Z,HL,A,forward
1322.98,"KH35S,TH37Y,TH59S,NH62S,SH105A,WH107D,DH110V,FH112S,AH114S,YH117V","KH35S,TH37Y,TH59S,NH62S,SH105A,WH107D,DH110V,FH112S,AH114S,YH117V",10,3.878065181,1N8Z,1N8Z_HL_A,408_1N8Z,HL,A,forward
1407.65,"SH105A,WH107S,DH110R,GH111Y,FH112T,AH114G,MH115F","SH105A,WH107S,DH110R,GH111Y,FH112T,AH114G,MH115F",7,3.914817868,1N8Z,1N8Z_HL_A,409_1N8Z,HL,A,forward
1588,"SH105A,RH106S,WH107S,DH110S,GH111S,FH112S,AH114S,MH115Y,DH116S","SH105A,RH106S,WH107S,DH110S,GH111S,FH112S,AH114S,MH115Y,DH116S",9,3.986240156,1N8Z,1N8Z_HL_A,410_1N8Z,HL,A,forward
1672.63,"TH59A,NH62D,SH105A,RH106S,WH107S,DH110S,GH111S,FH112Y,AH114Y,MH115Y","TH59A,NH62D,SH105A,RH106S,WH107S,DH110S,GH111S,FH112Y,AH114Y,MH115Y",10,4.017001374,1N8Z,1N8Z_HL_A,411_1N8Z,HL,A,forward
1698.5,"IH30V,TH59S,NH62D,SH105A,RH106S,WH107S,DH110S,GH111S,FH112Y,AH114Y,MH115Y","IH30V,TH59S,NH62D,SH105A,RH106S,WH107S,DH110S,GH111S,FH112Y,AH114Y,MH115Y",11,4.026094488,1N8Z,1N8Z_HL_A,412_1N8Z,HL,A,forward
1724.82,"SH105A,RH106S,WH107S,DH110S,GH111S,FH112S,AH114S,MH115Y,DH116Y","SH105A,RH106S,WH107S,DH110S,GH111S,FH112S,AH114S,MH115Y,DH116Y",9,4.035204733,1N8Z,1N8Z_HL_A,413_1N8Z,HL,A,forward
1830.41,"SH105A,WH107S,DH110S,FH112Y,AH114Y,MH115Y","SH105A,WH107S,DH110S,FH112Y,AH114Y,MH115Y",6,4.070406624,1N8Z,1N8Z_HL_A,414_1N8Z,HL,A,forward
1986.37,"SH105A,WH107Y,GH108S,GH109S,DH110S,FH112G,YH113S,MH115F","SH105A,WH107Y,GH108S,GH109S,DH110S,FH112G,YH113S,MH115F",8,4.118850751,1N8Z,1N8Z_HL_A,415_1N8Z,HL,A,forward
2286.4,"SH105A,WH107V,DH110R,FH112Y,MH115Y","SH105A,WH107V,DH110R,FH112Y,MH115Y",5,4.20219078,1N8Z,1N8Z_HL_A,416_1N8Z,HL,A,forward
2421.18,"SH105A,RH106V,WH107S,DH110S,GH111S,FH112S,AH114S,MH115Y,DH116Q","SH105A,RH106V,WH107S,DH110S,GH111S,FH112S,AH114S,MH115Y,DH116Q",9,4.236124354,1N8Z,1N8Z_HL_A,417_1N8Z,HL,A,forward
2523.9,"SH105A,WH107D,DH110S,FH112Y,MH115Y","SH105A,WH107D,DH110S,FH112Y,MH115Y",5,4.260740911,1N8Z,1N8Z_HL_A,418_1N8Z,HL,A,forward
