complex,#Pdb,Mutation(s)_cleaned,complex_PPI,num_mutations,Partner1,Partner2,ddG,Label
7FAE,0_7FAE,GH26A,7FAE_HL_A,1,HL,A,0,forward
7FAE,1_7FAE,GH26C,7FAE_HL_A,1,HL,A,0,forward
7FAE,2_7FAE,GH26D,7FAE_HL_A,1,HL,A,0,forward
7FAE,3_7FAE,GH26E,7FAE_HL_A,1,HL,A,0,forward
7FAE,4_7FAE,GH26F,7FAE_HL_A,1,HL,A,0,forward
7FAE,5_7FAE,GH26H,7FAE_HL_A,1,HL,A,0,forward
7FAE,6_7FAE,GH26I,7FAE_HL_A,1,HL,A,0,forward
7FAE,7_7FAE,GH26K,7FAE_HL_A,1,HL,A,0,forward
7FAE,8_7FAE,GH26L,7FAE_HL_A,1,HL,A,0,forward
7FAE,9_7FAE,GH26M,7FAE_HL_A,1,HL,A,0,forward
7FAE,10_7FAE,GH26N,7FAE_HL_A,1,HL,A,0,forward
7FAE,11_7FAE,GH26P,7FAE_HL_A,1,HL,A,0,forward
7FAE,12_7FAE,GH26Q,7FAE_HL_A,1,HL,A,0,forward
7FAE,13_7FAE,GH26R,7FAE_HL_A,1,HL,A,0,forward
7FAE,14_7FAE,GH26S,7FAE_HL_A,1,HL,A,0,forward
7FAE,15_7FAE,GH26T,7FAE_HL_A,1,HL,A,0,forward
7FAE,16_7FAE,GH26V,7FAE_HL_A,1,HL,A,0,forward
7FAE,17_7FAE,GH26W,7FAE_HL_A,1,HL,A,0,forward
7FAE,18_7FAE,GH26Y,7FAE_HL_A,1,HL,A,0,forward
7FAE,19_7FAE,YH27A,7FAE_HL_A,1,HL,A,0,forward
7FAE,20_7FAE,YH27C,7FAE_HL_A,1,HL,A,0,forward
7FAE,21_7FAE,YH27D,7FAE_HL_A,1,HL,A,0,forward
7FAE,22_7FAE,YH27E,7FAE_HL_A,1,HL,A,0,forward
7FAE,23_7FAE,YH27F,7FAE_HL_A,1,HL,A,0,forward
7FAE,24_7FAE,YH27G,7FAE_HL_A,1,HL,A,0,forward
7FAE,25_7FAE,YH27H,7FAE_HL_A,1,HL,A,0,forward
7FAE,26_7FAE,YH27I,7FAE_HL_A,1,HL,A,0,forward
7FAE,27_7FAE,YH27K,7FAE_HL_A,1,HL,A,0,forward
7FAE,28_7FAE,YH27L,7FAE_HL_A,1,HL,A,0,forward
7FAE,29_7FAE,YH27M,7FAE_HL_A,1,HL,A,0,forward
7FAE,30_7FAE,YH27N,7FAE_HL_A,1,HL,A,0,forward
7FAE,31_7FAE,YH27P,7FAE_HL_A,1,HL,A,0,forward
7FAE,32_7FAE,YH27Q,7FAE_HL_A,1,HL,A,0,forward
7FAE,33_7FAE,YH27R,7FAE_HL_A,1,HL,A,0,forward
7FAE,34_7FAE,YH27S,7FAE_HL_A,1,HL,A,0,forward
7FAE,35_7FAE,YH27T,7FAE_HL_A,1,HL,A,0,forward
7FAE,36_7FAE,YH27V,7FAE_HL_A,1,HL,A,0,forward
7FAE,37_7FAE,YH27W,7FAE_HL_A,1,HL,A,0,forward
7FAE,38_7FAE,TH28A,7FAE_HL_A,1,HL,A,0,forward
7FAE,39_7FAE,TH28C,7FAE_HL_A,1,HL,A,0,forward
7FAE,40_7FAE,TH28D,7FAE_HL_A,1,HL,A,0,forward
7FAE,41_7FAE,TH28E,7FAE_HL_A,1,HL,A,0,forward
7FAE,42_7FAE,TH28F,7FAE_HL_A,1,HL,A,0,forward
7FAE,43_7FAE,TH28G,7FAE_HL_A,1,HL,A,0,forward
7FAE,44_7FAE,TH28H,7FAE_HL_A,1,HL,A,0,forward
7FAE,45_7FAE,TH28I,7FAE_HL_A,1,HL,A,0,forward
7FAE,46_7FAE,TH28K,7FAE_HL_A,1,HL,A,0,forward
7FAE,47_7FAE,TH28L,7FAE_HL_A,1,HL,A,0,forward
7FAE,48_7FAE,TH28M,7FAE_HL_A,1,HL,A,0,forward
7FAE,49_7FAE,TH28N,7FAE_HL_A,1,HL,A,0,forward
7FAE,50_7FAE,TH28P,7FAE_HL_A,1,HL,A,0,forward
7FAE,51_7FAE,TH28Q,7FAE_HL_A,1,HL,A,0,forward
7FAE,52_7FAE,TH28R,7FAE_HL_A,1,HL,A,0,forward
7FAE,53_7FAE,TH28S,7FAE_HL_A,1,HL,A,0,forward
7FAE,54_7FAE,TH28V,7FAE_HL_A,1,HL,A,0,forward
7FAE,55_7FAE,TH28W,7FAE_HL_A,1,HL,A,0,forward
7FAE,56_7FAE,TH28Y,7FAE_HL_A,1,HL,A,0,forward
7FAE,57_7FAE,FH29A,7FAE_HL_A,1,HL,A,0,forward
7FAE,58_7FAE,FH29C,7FAE_HL_A,1,HL,A,0,forward
7FAE,59_7FAE,FH29D,7FAE_HL_A,1,HL,A,0,forward
7FAE,60_7FAE,FH29E,7FAE_HL_A,1,HL,A,0,forward
7FAE,61_7FAE,FH29G,7FAE_HL_A,1,HL,A,0,forward
7FAE,62_7FAE,FH29H,7FAE_HL_A,1,HL,A,0,forward
7FAE,63_7FAE,FH29I,7FAE_HL_A,1,HL,A,0,forward
7FAE,64_7FAE,FH29K,7FAE_HL_A,1,HL,A,0,forward
7FAE,65_7FAE,FH29L,7FAE_HL_A,1,HL,A,0,forward
7FAE,66_7FAE,FH29M,7FAE_HL_A,1,HL,A,0,forward
7FAE,67_7FAE,FH29N,7FAE_HL_A,1,HL,A,0,forward
7FAE,68_7FAE,FH29P,7FAE_HL_A,1,HL,A,0,forward
7FAE,69_7FAE,FH29Q,7FAE_HL_A,1,HL,A,0,forward
7FAE,70_7FAE,FH29R,7FAE_HL_A,1,HL,A,0,forward
7FAE,71_7FAE,FH29S,7FAE_HL_A,1,HL,A,0,forward
7FAE,72_7FAE,FH29T,7FAE_HL_A,1,HL,A,0,forward
7FAE,73_7FAE,FH29V,7FAE_HL_A,1,HL,A,0,forward
7FAE,74_7FAE,FH29W,7FAE_HL_A,1,HL,A,0,forward
7FAE,75_7FAE,FH29Y,7FAE_HL_A,1,HL,A,0,forward
7FAE,76_7FAE,TH30A,7FAE_HL_A,1,HL,A,0,forward
7FAE,77_7FAE,TH30C,7FAE_HL_A,1,HL,A,0,forward
7FAE,78_7FAE,TH30D,7FAE_HL_A,1,HL,A,0,forward
7FAE,79_7FAE,TH30E,7FAE_HL_A,1,HL,A,0,forward
7FAE,80_7FAE,TH30F,7FAE_HL_A,1,HL,A,0,forward
7FAE,81_7FAE,TH30G,7FAE_HL_A,1,HL,A,0,forward
7FAE,82_7FAE,TH30H,7FAE_HL_A,1,HL,A,0,forward
7FAE,83_7FAE,TH30I,7FAE_HL_A,1,HL,A,0,forward
7FAE,84_7FAE,TH30K,7FAE_HL_A,1,HL,A,0,forward
7FAE,85_7FAE,TH30L,7FAE_HL_A,1,HL,A,0,forward
7FAE,86_7FAE,TH30M,7FAE_HL_A,1,HL,A,0,forward
7FAE,87_7FAE,TH30N,7FAE_HL_A,1,HL,A,0,forward
7FAE,88_7FAE,TH30P,7FAE_HL_A,1,HL,A,0,forward
7FAE,89_7FAE,TH30Q,7FAE_HL_A,1,HL,A,0,forward
7FAE,90_7FAE,TH30R,7FAE_HL_A,1,HL,A,0,forward
7FAE,91_7FAE,TH30S,7FAE_HL_A,1,HL,A,0,forward
7FAE,92_7FAE,TH30V,7FAE_HL_A,1,HL,A,0,forward
7FAE,93_7FAE,TH30W,7FAE_HL_A,1,HL,A,0,forward
7FAE,94_7FAE,TH30Y,7FAE_HL_A,1,HL,A,0,forward
7FAE,95_7FAE,TH31A,7FAE_HL_A,1,HL,A,0,forward
7FAE,96_7FAE,TH31C,7FAE_HL_A,1,HL,A,0,forward
7FAE,97_7FAE,TH31D,7FAE_HL_A,1,HL,A,0,forward
7FAE,98_7FAE,TH31E,7FAE_HL_A,1,HL,A,0,forward
7FAE,99_7FAE,TH31F,7FAE_HL_A,1,HL,A,0,forward
7FAE,100_7FAE,TH31G,7FAE_HL_A,1,HL,A,0,forward
7FAE,101_7FAE,TH31H,7FAE_HL_A,1,HL,A,0,forward
7FAE,102_7FAE,TH31I,7FAE_HL_A,1,HL,A,0,forward
7FAE,103_7FAE,TH31K,7FAE_HL_A,1,HL,A,0,forward
7FAE,104_7FAE,TH31L,7FAE_HL_A,1,HL,A,0,forward
7FAE,105_7FAE,TH31M,7FAE_HL_A,1,HL,A,0,forward
7FAE,106_7FAE,TH31N,7FAE_HL_A,1,HL,A,0,forward
7FAE,107_7FAE,TH31P,7FAE_HL_A,1,HL,A,0,forward
7FAE,108_7FAE,TH31Q,7FAE_HL_A,1,HL,A,0,forward
7FAE,109_7FAE,TH31R,7FAE_HL_A,1,HL,A,0,forward
7FAE,110_7FAE,TH31S,7FAE_HL_A,1,HL,A,0,forward
7FAE,111_7FAE,TH31V,7FAE_HL_A,1,HL,A,0,forward
7FAE,112_7FAE,TH31W,7FAE_HL_A,1,HL,A,0,forward
7FAE,113_7FAE,TH31Y,7FAE_HL_A,1,HL,A,0,forward
7FAE,114_7FAE,YH32A,7FAE_HL_A,1,HL,A,0,forward
7FAE,115_7FAE,YH32C,7FAE_HL_A,1,HL,A,0,forward
7FAE,116_7FAE,YH32D,7FAE_HL_A,1,HL,A,0,forward
7FAE,117_7FAE,YH32E,7FAE_HL_A,1,HL,A,0,forward
7FAE,118_7FAE,YH32F,7FAE_HL_A,1,HL,A,0,forward
7FAE,119_7FAE,YH32G,7FAE_HL_A,1,HL,A,0,forward
7FAE,120_7FAE,YH32H,7FAE_HL_A,1,HL,A,0,forward
7FAE,121_7FAE,YH32I,7FAE_HL_A,1,HL,A,0,forward
7FAE,122_7FAE,YH32K,7FAE_HL_A,1,HL,A,0,forward
7FAE,123_7FAE,YH32L,7FAE_HL_A,1,HL,A,0,forward
7FAE,124_7FAE,YH32M,7FAE_HL_A,1,HL,A,0,forward
7FAE,125_7FAE,YH32N,7FAE_HL_A,1,HL,A,0,forward
7FAE,126_7FAE,YH32P,7FAE_HL_A,1,HL,A,0,forward
7FAE,127_7FAE,YH32Q,7FAE_HL_A,1,HL,A,0,forward
7FAE,128_7FAE,YH32R,7FAE_HL_A,1,HL,A,0,forward
7FAE,129_7FAE,YH32S,7FAE_HL_A,1,HL,A,0,forward
7FAE,130_7FAE,YH32T,7FAE_HL_A,1,HL,A,0,forward
7FAE,131_7FAE,YH32V,7FAE_HL_A,1,HL,A,0,forward
7FAE,132_7FAE,YH32W,7FAE_HL_A,1,HL,A,0,forward
7FAE,133_7FAE,NH52A,7FAE_HL_A,1,HL,A,0,forward
7FAE,134_7FAE,NH52C,7FAE_HL_A,1,HL,A,0,forward
7FAE,135_7FAE,NH52D,7FAE_HL_A,1,HL,A,0,forward
7FAE,136_7FAE,NH52E,7FAE_HL_A,1,HL,A,0,forward
7FAE,137_7FAE,NH52F,7FAE_HL_A,1,HL,A,0,forward
7FAE,138_7FAE,NH52G,7FAE_HL_A,1,HL,A,0,forward
7FAE,139_7FAE,NH52H,7FAE_HL_A,1,HL,A,0,forward
7FAE,140_7FAE,NH52I,7FAE_HL_A,1,HL,A,0,forward
7FAE,141_7FAE,NH52K,7FAE_HL_A,1,HL,A,0,forward
7FAE,142_7FAE,NH52L,7FAE_HL_A,1,HL,A,0,forward
7FAE,143_7FAE,NH52M,7FAE_HL_A,1,HL,A,0,forward
7FAE,144_7FAE,NH52P,7FAE_HL_A,1,HL,A,0,forward
7FAE,145_7FAE,NH52Q,7FAE_HL_A,1,HL,A,0,forward
7FAE,146_7FAE,NH52R,7FAE_HL_A,1,HL,A,0,forward
7FAE,147_7FAE,NH52S,7FAE_HL_A,1,HL,A,0,forward
7FAE,148_7FAE,NH52T,7FAE_HL_A,1,HL,A,0,forward
7FAE,149_7FAE,NH52V,7FAE_HL_A,1,HL,A,0,forward
7FAE,150_7FAE,NH52W,7FAE_HL_A,1,HL,A,0,forward
7FAE,151_7FAE,NH52Y,7FAE_HL_A,1,HL,A,0,forward
7FAE,152_7FAE,AH53C,7FAE_HL_A,1,HL,A,0,forward
7FAE,153_7FAE,AH53D,7FAE_HL_A,1,HL,A,0,forward
7FAE,154_7FAE,AH53E,7FAE_HL_A,1,HL,A,0,forward
7FAE,155_7FAE,AH53F,7FAE_HL_A,1,HL,A,0,forward
7FAE,156_7FAE,AH53G,7FAE_HL_A,1,HL,A,0,forward
7FAE,157_7FAE,AH53H,7FAE_HL_A,1,HL,A,0,forward
7FAE,158_7FAE,AH53I,7FAE_HL_A,1,HL,A,0,forward
7FAE,159_7FAE,AH53K,7FAE_HL_A,1,HL,A,0,forward
7FAE,160_7FAE,AH53L,7FAE_HL_A,1,HL,A,0,forward
7FAE,161_7FAE,AH53M,7FAE_HL_A,1,HL,A,0,forward
7FAE,162_7FAE,AH53N,7FAE_HL_A,1,HL,A,0,forward
7FAE,163_7FAE,AH53P,7FAE_HL_A,1,HL,A,0,forward
7FAE,164_7FAE,AH53Q,7FAE_HL_A,1,HL,A,0,forward
7FAE,165_7FAE,AH53R,7FAE_HL_A,1,HL,A,0,forward
7FAE,166_7FAE,AH53S,7FAE_HL_A,1,HL,A,0,forward
7FAE,167_7FAE,AH53T,7FAE_HL_A,1,HL,A,0,forward
7FAE,168_7FAE,AH53V,7FAE_HL_A,1,HL,A,0,forward
7FAE,169_7FAE,AH53W,7FAE_HL_A,1,HL,A,0,forward
7FAE,170_7FAE,AH53Y,7FAE_HL_A,1,HL,A,0,forward
7FAE,171_7FAE,GH54A,7FAE_HL_A,1,HL,A,0,forward
7FAE,172_7FAE,GH54C,7FAE_HL_A,1,HL,A,0,forward
7FAE,173_7FAE,GH54D,7FAE_HL_A,1,HL,A,0,forward
7FAE,174_7FAE,GH54E,7FAE_HL_A,1,HL,A,0,forward
7FAE,175_7FAE,GH54F,7FAE_HL_A,1,HL,A,0,forward
7FAE,176_7FAE,GH54H,7FAE_HL_A,1,HL,A,0,forward
7FAE,177_7FAE,GH54I,7FAE_HL_A,1,HL,A,0,forward
7FAE,178_7FAE,GH54K,7FAE_HL_A,1,HL,A,0,forward
7FAE,179_7FAE,GH54L,7FAE_HL_A,1,HL,A,0,forward
7FAE,180_7FAE,GH54M,7FAE_HL_A,1,HL,A,0,forward
7FAE,181_7FAE,GH54N,7FAE_HL_A,1,HL,A,0,forward
7FAE,182_7FAE,GH54P,7FAE_HL_A,1,HL,A,0,forward
7FAE,183_7FAE,GH54Q,7FAE_HL_A,1,HL,A,0,forward
7FAE,184_7FAE,GH54R,7FAE_HL_A,1,HL,A,0,forward
7FAE,185_7FAE,GH54S,7FAE_HL_A,1,HL,A,0,forward
7FAE,186_7FAE,GH54T,7FAE_HL_A,1,HL,A,0,forward
7FAE,187_7FAE,GH54V,7FAE_HL_A,1,HL,A,0,forward
7FAE,188_7FAE,GH54W,7FAE_HL_A,1,HL,A,0,forward
7FAE,189_7FAE,GH54Y,7FAE_HL_A,1,HL,A,0,forward
7FAE,190_7FAE,NH55A,7FAE_HL_A,1,HL,A,0,forward
7FAE,191_7FAE,NH55C,7FAE_HL_A,1,HL,A,0,forward
7FAE,192_7FAE,NH55D,7FAE_HL_A,1,HL,A,0,forward
7FAE,193_7FAE,NH55E,7FAE_HL_A,1,HL,A,0,forward
7FAE,194_7FAE,NH55F,7FAE_HL_A,1,HL,A,0,forward
7FAE,195_7FAE,NH55G,7FAE_HL_A,1,HL,A,0,forward
7FAE,196_7FAE,NH55H,7FAE_HL_A,1,HL,A,0,forward
7FAE,197_7FAE,NH55I,7FAE_HL_A,1,HL,A,0,forward
7FAE,198_7FAE,NH55K,7FAE_HL_A,1,HL,A,0,forward
7FAE,199_7FAE,NH55L,7FAE_HL_A,1,HL,A,0,forward
7FAE,200_7FAE,NH55M,7FAE_HL_A,1,HL,A,0,forward
7FAE,201_7FAE,NH55P,7FAE_HL_A,1,HL,A,0,forward
7FAE,202_7FAE,NH55Q,7FAE_HL_A,1,HL,A,0,forward
7FAE,203_7FAE,NH55R,7FAE_HL_A,1,HL,A,0,forward
7FAE,204_7FAE,NH55S,7FAE_HL_A,1,HL,A,0,forward
7FAE,205_7FAE,NH55T,7FAE_HL_A,1,HL,A,0,forward
7FAE,206_7FAE,NH55V,7FAE_HL_A,1,HL,A,0,forward
7FAE,207_7FAE,NH55W,7FAE_HL_A,1,HL,A,0,forward
7FAE,208_7FAE,NH55Y,7FAE_HL_A,1,HL,A,0,forward
7FAE,209_7FAE,GH56A,7FAE_HL_A,1,HL,A,0,forward
7FAE,210_7FAE,GH56C,7FAE_HL_A,1,HL,A,0,forward
7FAE,211_7FAE,GH56D,7FAE_HL_A,1,HL,A,0,forward
7FAE,212_7FAE,GH56E,7FAE_HL_A,1,HL,A,0,forward
7FAE,213_7FAE,GH56F,7FAE_HL_A,1,HL,A,0,forward
7FAE,214_7FAE,GH56H,7FAE_HL_A,1,HL,A,0,forward
7FAE,215_7FAE,GH56I,7FAE_HL_A,1,HL,A,0,forward
7FAE,216_7FAE,GH56K,7FAE_HL_A,1,HL,A,0,forward
7FAE,217_7FAE,GH56L,7FAE_HL_A,1,HL,A,0,forward
7FAE,218_7FAE,GH56M,7FAE_HL_A,1,HL,A,0,forward
7FAE,219_7FAE,GH56N,7FAE_HL_A,1,HL,A,0,forward
7FAE,220_7FAE,GH56P,7FAE_HL_A,1,HL,A,0,forward
7FAE,221_7FAE,GH56Q,7FAE_HL_A,1,HL,A,0,forward
7FAE,222_7FAE,GH56R,7FAE_HL_A,1,HL,A,0,forward
7FAE,223_7FAE,GH56S,7FAE_HL_A,1,HL,A,0,forward
7FAE,224_7FAE,GH56T,7FAE_HL_A,1,HL,A,0,forward
7FAE,225_7FAE,GH56V,7FAE_HL_A,1,HL,A,0,forward
7FAE,226_7FAE,GH56W,7FAE_HL_A,1,HL,A,0,forward
7FAE,227_7FAE,GH56Y,7FAE_HL_A,1,HL,A,0,forward
7FAE,228_7FAE,NH57A,7FAE_HL_A,1,HL,A,0,forward
7FAE,229_7FAE,NH57C,7FAE_HL_A,1,HL,A,0,forward
7FAE,230_7FAE,NH57D,7FAE_HL_A,1,HL,A,0,forward
7FAE,231_7FAE,NH57E,7FAE_HL_A,1,HL,A,0,forward
7FAE,232_7FAE,NH57F,7FAE_HL_A,1,HL,A,0,forward
7FAE,233_7FAE,NH57G,7FAE_HL_A,1,HL,A,0,forward
7FAE,234_7FAE,NH57H,7FAE_HL_A,1,HL,A,0,forward
7FAE,235_7FAE,NH57I,7FAE_HL_A,1,HL,A,0,forward
7FAE,236_7FAE,NH57K,7FAE_HL_A,1,HL,A,0,forward
7FAE,237_7FAE,NH57L,7FAE_HL_A,1,HL,A,0,forward
7FAE,238_7FAE,NH57M,7FAE_HL_A,1,HL,A,0,forward
7FAE,239_7FAE,NH57P,7FAE_HL_A,1,HL,A,0,forward
7FAE,240_7FAE,NH57Q,7FAE_HL_A,1,HL,A,0,forward
7FAE,241_7FAE,NH57R,7FAE_HL_A,1,HL,A,0,forward
7FAE,242_7FAE,NH57S,7FAE_HL_A,1,HL,A,0,forward
7FAE,243_7FAE,NH57T,7FAE_HL_A,1,HL,A,0,forward
7FAE,244_7FAE,NH57V,7FAE_HL_A,1,HL,A,0,forward
7FAE,245_7FAE,NH57W,7FAE_HL_A,1,HL,A,0,forward
7FAE,246_7FAE,NH57Y,7FAE_HL_A,1,HL,A,0,forward
7FAE,247_7FAE,GH99A,7FAE_HL_A,1,HL,A,0,forward
7FAE,248_7FAE,GH99C,7FAE_HL_A,1,HL,A,0,forward
7FAE,249_7FAE,GH99D,7FAE_HL_A,1,HL,A,0,forward
7FAE,250_7FAE,GH99E,7FAE_HL_A,1,HL,A,0,forward
7FAE,251_7FAE,GH99F,7FAE_HL_A,1,HL,A,0,forward
7FAE,252_7FAE,GH99H,7FAE_HL_A,1,HL,A,0,forward
7FAE,253_7FAE,GH99I,7FAE_HL_A,1,HL,A,0,forward
7FAE,254_7FAE,GH99K,7FAE_HL_A,1,HL,A,0,forward
7FAE,255_7FAE,GH99L,7FAE_HL_A,1,HL,A,0,forward
7FAE,256_7FAE,GH99M,7FAE_HL_A,1,HL,A,0,forward
7FAE,257_7FAE,GH99N,7FAE_HL_A,1,HL,A,0,forward
7FAE,258_7FAE,GH99P,7FAE_HL_A,1,HL,A,0,forward
7FAE,259_7FAE,GH99Q,7FAE_HL_A,1,HL,A,0,forward
7FAE,260_7FAE,GH99R,7FAE_HL_A,1,HL,A,0,forward
7FAE,261_7FAE,GH99S,7FAE_HL_A,1,HL,A,0,forward
7FAE,262_7FAE,GH99T,7FAE_HL_A,1,HL,A,0,forward
7FAE,263_7FAE,GH99V,7FAE_HL_A,1,HL,A,0,forward
7FAE,264_7FAE,GH99W,7FAE_HL_A,1,HL,A,0,forward
7FAE,265_7FAE,GH99Y,7FAE_HL_A,1,HL,A,0,forward
7FAE,266_7FAE,GH100A,7FAE_HL_A,1,HL,A,0,forward
7FAE,267_7FAE,GH100C,7FAE_HL_A,1,HL,A,0,forward
7FAE,268_7FAE,GH100D,7FAE_HL_A,1,HL,A,0,forward
7FAE,269_7FAE,GH100E,7FAE_HL_A,1,HL,A,0,forward
7FAE,270_7FAE,GH100F,7FAE_HL_A,1,HL,A,0,forward
7FAE,271_7FAE,GH100H,7FAE_HL_A,1,HL,A,0,forward
7FAE,272_7FAE,GH100I,7FAE_HL_A,1,HL,A,0,forward
7FAE,273_7FAE,GH100K,7FAE_HL_A,1,HL,A,0,forward
7FAE,274_7FAE,GH100L,7FAE_HL_A,1,HL,A,0,forward
7FAE,275_7FAE,GH100M,7FAE_HL_A,1,HL,A,0,forward
7FAE,276_7FAE,GH100N,7FAE_HL_A,1,HL,A,0,forward
7FAE,277_7FAE,GH100P,7FAE_HL_A,1,HL,A,0,forward
7FAE,278_7FAE,GH100Q,7FAE_HL_A,1,HL,A,0,forward
7FAE,279_7FAE,GH100R,7FAE_HL_A,1,HL,A,0,forward
7FAE,280_7FAE,GH100S,7FAE_HL_A,1,HL,A,0,forward
7FAE,281_7FAE,GH100T,7FAE_HL_A,1,HL,A,0,forward
7FAE,282_7FAE,GH100V,7FAE_HL_A,1,HL,A,0,forward
7FAE,283_7FAE,GH100W,7FAE_HL_A,1,HL,A,0,forward
7FAE,284_7FAE,GH100Y,7FAE_HL_A,1,HL,A,0,forward
7FAE,285_7FAE,GH101A,7FAE_HL_A,1,HL,A,0,forward
7FAE,286_7FAE,GH101C,7FAE_HL_A,1,HL,A,0,forward
7FAE,287_7FAE,GH101D,7FAE_HL_A,1,HL,A,0,forward
7FAE,288_7FAE,GH101E,7FAE_HL_A,1,HL,A,0,forward
7FAE,289_7FAE,GH101F,7FAE_HL_A,1,HL,A,0,forward
7FAE,290_7FAE,GH101H,7FAE_HL_A,1,HL,A,0,forward
7FAE,291_7FAE,GH101I,7FAE_HL_A,1,HL,A,0,forward
7FAE,292_7FAE,GH101K,7FAE_HL_A,1,HL,A,0,forward
7FAE,293_7FAE,GH101L,7FAE_HL_A,1,HL,A,0,forward
7FAE,294_7FAE,GH101M,7FAE_HL_A,1,HL,A,0,forward
7FAE,295_7FAE,GH101N,7FAE_HL_A,1,HL,A,0,forward
7FAE,296_7FAE,GH101P,7FAE_HL_A,1,HL,A,0,forward
7FAE,297_7FAE,GH101Q,7FAE_HL_A,1,HL,A,0,forward
7FAE,298_7FAE,GH101R,7FAE_HL_A,1,HL,A,0,forward
7FAE,299_7FAE,GH101S,7FAE_HL_A,1,HL,A,0,forward
7FAE,300_7FAE,GH101T,7FAE_HL_A,1,HL,A,0,forward
7FAE,301_7FAE,GH101V,7FAE_HL_A,1,HL,A,0,forward
7FAE,302_7FAE,GH101W,7FAE_HL_A,1,HL,A,0,forward
7FAE,303_7FAE,GH101Y,7FAE_HL_A,1,HL,A,0,forward
7FAE,304_7FAE,RH102A,7FAE_HL_A,1,HL,A,0,forward
7FAE,305_7FAE,RH102C,7FAE_HL_A,1,HL,A,0,forward
7FAE,306_7FAE,RH102D,7FAE_HL_A,1,HL,A,0,forward
7FAE,307_7FAE,RH102E,7FAE_HL_A,1,HL,A,0,forward
7FAE,308_7FAE,RH102F,7FAE_HL_A,1,HL,A,0,forward
7FAE,309_7FAE,RH102G,7FAE_HL_A,1,HL,A,0,forward
7FAE,310_7FAE,RH102H,7FAE_HL_A,1,HL,A,0,forward
7FAE,311_7FAE,RH102I,7FAE_HL_A,1,HL,A,0,forward
7FAE,312_7FAE,RH102K,7FAE_HL_A,1,HL,A,0,forward
7FAE,313_7FAE,RH102L,7FAE_HL_A,1,HL,A,0,forward
7FAE,314_7FAE,RH102M,7FAE_HL_A,1,HL,A,0,forward
7FAE,315_7FAE,RH102N,7FAE_HL_A,1,HL,A,0,forward
7FAE,316_7FAE,RH102P,7FAE_HL_A,1,HL,A,0,forward
7FAE,317_7FAE,RH102Q,7FAE_HL_A,1,HL,A,0,forward
7FAE,318_7FAE,RH102S,7FAE_HL_A,1,HL,A,0,forward
7FAE,319_7FAE,RH102T,7FAE_HL_A,1,HL,A,0,forward
7FAE,320_7FAE,RH102V,7FAE_HL_A,1,HL,A,0,forward
7FAE,321_7FAE,RH102W,7FAE_HL_A,1,HL,A,0,forward
7FAE,322_7FAE,RH102Y,7FAE_HL_A,1,HL,A,0,forward
7FAE,323_7FAE,RH103A,7FAE_HL_A,1,HL,A,0,forward
7FAE,324_7FAE,RH103C,7FAE_HL_A,1,HL,A,0,forward
7FAE,325_7FAE,RH103D,7FAE_HL_A,1,HL,A,0,forward
7FAE,326_7FAE,RH103E,7FAE_HL_A,1,HL,A,0,forward
7FAE,327_7FAE,RH103F,7FAE_HL_A,1,HL,A,0,forward
7FAE,328_7FAE,RH103G,7FAE_HL_A,1,HL,A,0,forward
7FAE,329_7FAE,RH103H,7FAE_HL_A,1,HL,A,0,forward
7FAE,330_7FAE,RH103I,7FAE_HL_A,1,HL,A,0,forward
7FAE,331_7FAE,RH103K,7FAE_HL_A,1,HL,A,0,forward
7FAE,332_7FAE,RH103L,7FAE_HL_A,1,HL,A,0,forward
7FAE,333_7FAE,RH103M,7FAE_HL_A,1,HL,A,0,forward
7FAE,334_7FAE,RH103N,7FAE_HL_A,1,HL,A,0,forward
7FAE,335_7FAE,RH103P,7FAE_HL_A,1,HL,A,0,forward
7FAE,336_7FAE,RH103Q,7FAE_HL_A,1,HL,A,0,forward
7FAE,337_7FAE,RH103S,7FAE_HL_A,1,HL,A,0,forward
7FAE,338_7FAE,RH103T,7FAE_HL_A,1,HL,A,0,forward
7FAE,339_7FAE,RH103V,7FAE_HL_A,1,HL,A,0,forward
7FAE,340_7FAE,RH103W,7FAE_HL_A,1,HL,A,0,forward
7FAE,341_7FAE,RH103Y,7FAE_HL_A,1,HL,A,0,forward
7FAE,342_7FAE,LH104A,7FAE_HL_A,1,HL,A,0,forward
7FAE,343_7FAE,LH104C,7FAE_HL_A,1,HL,A,0,forward
7FAE,344_7FAE,LH104D,7FAE_HL_A,1,HL,A,0,forward
7FAE,345_7FAE,LH104E,7FAE_HL_A,1,HL,A,0,forward
7FAE,346_7FAE,LH104F,7FAE_HL_A,1,HL,A,0,forward
7FAE,347_7FAE,LH104G,7FAE_HL_A,1,HL,A,0,forward
7FAE,348_7FAE,LH104H,7FAE_HL_A,1,HL,A,0,forward
7FAE,349_7FAE,LH104I,7FAE_HL_A,1,HL,A,0,forward
7FAE,350_7FAE,LH104K,7FAE_HL_A,1,HL,A,0,forward
7FAE,351_7FAE,LH104M,7FAE_HL_A,1,HL,A,0,forward
7FAE,352_7FAE,LH104N,7FAE_HL_A,1,HL,A,0,forward
7FAE,353_7FAE,LH104P,7FAE_HL_A,1,HL,A,0,forward
7FAE,354_7FAE,LH104Q,7FAE_HL_A,1,HL,A,0,forward
7FAE,355_7FAE,LH104R,7FAE_HL_A,1,HL,A,0,forward
7FAE,356_7FAE,LH104S,7FAE_HL_A,1,HL,A,0,forward
7FAE,357_7FAE,LH104T,7FAE_HL_A,1,HL,A,0,forward
7FAE,358_7FAE,LH104V,7FAE_HL_A,1,HL,A,0,forward
7FAE,359_7FAE,LH104W,7FAE_HL_A,1,HL,A,0,forward
7FAE,360_7FAE,LH104Y,7FAE_HL_A,1,HL,A,0,forward
7FAE,361_7FAE,QH105A,7FAE_HL_A,1,HL,A,0,forward
7FAE,362_7FAE,QH105C,7FAE_HL_A,1,HL,A,0,forward
7FAE,363_7FAE,QH105D,7FAE_HL_A,1,HL,A,0,forward
7FAE,364_7FAE,QH105E,7FAE_HL_A,1,HL,A,0,forward
7FAE,365_7FAE,QH105F,7FAE_HL_A,1,HL,A,0,forward
7FAE,366_7FAE,QH105G,7FAE_HL_A,1,HL,A,0,forward
7FAE,367_7FAE,QH105H,7FAE_HL_A,1,HL,A,0,forward
7FAE,368_7FAE,QH105I,7FAE_HL_A,1,HL,A,0,forward
7FAE,369_7FAE,QH105K,7FAE_HL_A,1,HL,A,0,forward
7FAE,370_7FAE,QH105L,7FAE_HL_A,1,HL,A,0,forward
7FAE,371_7FAE,QH105M,7FAE_HL_A,1,HL,A,0,forward
7FAE,372_7FAE,QH105N,7FAE_HL_A,1,HL,A,0,forward
7FAE,373_7FAE,QH105P,7FAE_HL_A,1,HL,A,0,forward
7FAE,374_7FAE,QH105R,7FAE_HL_A,1,HL,A,0,forward
7FAE,375_7FAE,QH105S,7FAE_HL_A,1,HL,A,0,forward
7FAE,376_7FAE,QH105T,7FAE_HL_A,1,HL,A,0,forward
7FAE,377_7FAE,QH105V,7FAE_HL_A,1,HL,A,0,forward
7FAE,378_7FAE,QH105W,7FAE_HL_A,1,HL,A,0,forward
7FAE,379_7FAE,QH105Y,7FAE_HL_A,1,HL,A,0,forward
7FAE,380_7FAE,FH106A,7FAE_HL_A,1,HL,A,0,forward
7FAE,381_7FAE,FH106C,7FAE_HL_A,1,HL,A,0,forward
7FAE,382_7FAE,FH106D,7FAE_HL_A,1,HL,A,0,forward
7FAE,383_7FAE,FH106E,7FAE_HL_A,1,HL,A,0,forward
7FAE,384_7FAE,FH106G,7FAE_HL_A,1,HL,A,0,forward
7FAE,385_7FAE,FH106H,7FAE_HL_A,1,HL,A,0,forward
7FAE,386_7FAE,FH106I,7FAE_HL_A,1,HL,A,0,forward
7FAE,387_7FAE,FH106K,7FAE_HL_A,1,HL,A,0,forward
7FAE,388_7FAE,FH106L,7FAE_HL_A,1,HL,A,0,forward
7FAE,389_7FAE,FH106M,7FAE_HL_A,1,HL,A,0,forward
7FAE,390_7FAE,FH106N,7FAE_HL_A,1,HL,A,0,forward
7FAE,391_7FAE,FH106P,7FAE_HL_A,1,HL,A,0,forward
7FAE,392_7FAE,FH106Q,7FAE_HL_A,1,HL,A,0,forward
7FAE,393_7FAE,FH106R,7FAE_HL_A,1,HL,A,0,forward
7FAE,394_7FAE,FH106S,7FAE_HL_A,1,HL,A,0,forward
7FAE,395_7FAE,FH106T,7FAE_HL_A,1,HL,A,0,forward
7FAE,396_7FAE,FH106V,7FAE_HL_A,1,HL,A,0,forward
7FAE,397_7FAE,FH106W,7FAE_HL_A,1,HL,A,0,forward
7FAE,398_7FAE,FH106Y,7FAE_HL_A,1,HL,A,0,forward
7FAE,399_7FAE,DH107A,7FAE_HL_A,1,HL,A,0,forward
7FAE,400_7FAE,DH107C,7FAE_HL_A,1,HL,A,0,forward
7FAE,401_7FAE,DH107E,7FAE_HL_A,1,HL,A,0,forward
7FAE,402_7FAE,DH107F,7FAE_HL_A,1,HL,A,0,forward
7FAE,403_7FAE,DH107G,7FAE_HL_A,1,HL,A,0,forward
7FAE,404_7FAE,DH107H,7FAE_HL_A,1,HL,A,0,forward
7FAE,405_7FAE,DH107I,7FAE_HL_A,1,HL,A,0,forward
7FAE,406_7FAE,DH107K,7FAE_HL_A,1,HL,A,0,forward
7FAE,407_7FAE,DH107L,7FAE_HL_A,1,HL,A,0,forward
7FAE,408_7FAE,DH107M,7FAE_HL_A,1,HL,A,0,forward
7FAE,409_7FAE,DH107N,7FAE_HL_A,1,HL,A,0,forward
7FAE,410_7FAE,DH107P,7FAE_HL_A,1,HL,A,0,forward
7FAE,411_7FAE,DH107Q,7FAE_HL_A,1,HL,A,0,forward
7FAE,412_7FAE,DH107R,7FAE_HL_A,1,HL,A,0,forward
7FAE,413_7FAE,DH107S,7FAE_HL_A,1,HL,A,0,forward
7FAE,414_7FAE,DH107T,7FAE_HL_A,1,HL,A,0,forward
7FAE,415_7FAE,DH107V,7FAE_HL_A,1,HL,A,0,forward
7FAE,416_7FAE,DH107W,7FAE_HL_A,1,HL,A,0,forward
7FAE,417_7FAE,DH107Y,7FAE_HL_A,1,HL,A,0,forward
7FAE,418_7FAE,YH108A,7FAE_HL_A,1,HL,A,0,forward
7FAE,419_7FAE,YH108C,7FAE_HL_A,1,HL,A,0,forward
7FAE,420_7FAE,YH108D,7FAE_HL_A,1,HL,A,0,forward
7FAE,421_7FAE,YH108E,7FAE_HL_A,1,HL,A,0,forward
7FAE,422_7FAE,YH108F,7FAE_HL_A,1,HL,A,0,forward
7FAE,423_7FAE,YH108G,7FAE_HL_A,1,HL,A,0,forward
7FAE,424_7FAE,YH108H,7FAE_HL_A,1,HL,A,0,forward
7FAE,425_7FAE,YH108I,7FAE_HL_A,1,HL,A,0,forward
7FAE,426_7FAE,YH108K,7FAE_HL_A,1,HL,A,0,forward
7FAE,427_7FAE,YH108L,7FAE_HL_A,1,HL,A,0,forward
7FAE,428_7FAE,YH108M,7FAE_HL_A,1,HL,A,0,forward
7FAE,429_7FAE,YH108N,7FAE_HL_A,1,HL,A,0,forward
7FAE,430_7FAE,YH108P,7FAE_HL_A,1,HL,A,0,forward
7FAE,431_7FAE,YH108Q,7FAE_HL_A,1,HL,A,0,forward
7FAE,432_7FAE,YH108R,7FAE_HL_A,1,HL,A,0,forward
7FAE,433_7FAE,YH108S,7FAE_HL_A,1,HL,A,0,forward
7FAE,434_7FAE,YH108T,7FAE_HL_A,1,HL,A,0,forward
7FAE,435_7FAE,YH108V,7FAE_HL_A,1,HL,A,0,forward
7FAE,436_7FAE,YH108W,7FAE_HL_A,1,HL,A,0,forward
7FAE,437_7FAE,FH109A,7FAE_HL_A,1,HL,A,0,forward
7FAE,438_7FAE,FH109C,7FAE_HL_A,1,HL,A,0,forward
7FAE,439_7FAE,FH109D,7FAE_HL_A,1,HL,A,0,forward
7FAE,440_7FAE,FH109E,7FAE_HL_A,1,HL,A,0,forward
7FAE,441_7FAE,FH109G,7FAE_HL_A,1,HL,A,0,forward
7FAE,442_7FAE,FH109H,7FAE_HL_A,1,HL,A,0,forward
7FAE,443_7FAE,FH109I,7FAE_HL_A,1,HL,A,0,forward
7FAE,444_7FAE,FH109K,7FAE_HL_A,1,HL,A,0,forward
7FAE,445_7FAE,FH109L,7FAE_HL_A,1,HL,A,0,forward
7FAE,446_7FAE,FH109M,7FAE_HL_A,1,HL,A,0,forward
7FAE,447_7FAE,FH109N,7FAE_HL_A,1,HL,A,0,forward
7FAE,448_7FAE,FH109P,7FAE_HL_A,1,HL,A,0,forward
7FAE,449_7FAE,FH109Q,7FAE_HL_A,1,HL,A,0,forward
7FAE,450_7FAE,FH109R,7FAE_HL_A,1,HL,A,0,forward
7FAE,451_7FAE,FH109S,7FAE_HL_A,1,HL,A,0,forward
7FAE,452_7FAE,FH109T,7FAE_HL_A,1,HL,A,0,forward
7FAE,453_7FAE,FH109V,7FAE_HL_A,1,HL,A,0,forward
7FAE,454_7FAE,FH109W,7FAE_HL_A,1,HL,A,0,forward
7FAE,455_7FAE,FH109Y,7FAE_HL_A,1,HL,A,0,forward
7FAE,456_7FAE,DH110A,7FAE_HL_A,1,HL,A,0,forward
7FAE,457_7FAE,DH110C,7FAE_HL_A,1,HL,A,0,forward
7FAE,458_7FAE,DH110E,7FAE_HL_A,1,HL,A,0,forward
7FAE,459_7FAE,DH110F,7FAE_HL_A,1,HL,A,0,forward
7FAE,460_7FAE,DH110G,7FAE_HL_A,1,HL,A,0,forward
7FAE,461_7FAE,DH110H,7FAE_HL_A,1,HL,A,0,forward
7FAE,462_7FAE,DH110I,7FAE_HL_A,1,HL,A,0,forward
7FAE,463_7FAE,DH110K,7FAE_HL_A,1,HL,A,0,forward
7FAE,464_7FAE,DH110L,7FAE_HL_A,1,HL,A,0,forward
7FAE,465_7FAE,DH110M,7FAE_HL_A,1,HL,A,0,forward
7FAE,466_7FAE,DH110N,7FAE_HL_A,1,HL,A,0,forward
7FAE,467_7FAE,DH110P,7FAE_HL_A,1,HL,A,0,forward
7FAE,468_7FAE,DH110Q,7FAE_HL_A,1,HL,A,0,forward
7FAE,469_7FAE,DH110R,7FAE_HL_A,1,HL,A,0,forward
7FAE,470_7FAE,DH110S,7FAE_HL_A,1,HL,A,0,forward
7FAE,471_7FAE,DH110T,7FAE_HL_A,1,HL,A,0,forward
7FAE,472_7FAE,DH110V,7FAE_HL_A,1,HL,A,0,forward
7FAE,473_7FAE,DH110W,7FAE_HL_A,1,HL,A,0,forward
7FAE,474_7FAE,DH110Y,7FAE_HL_A,1,HL,A,0,forward
7FAE,475_7FAE,YH111A,7FAE_HL_A,1,HL,A,0,forward
7FAE,476_7FAE,YH111C,7FAE_HL_A,1,HL,A,0,forward
7FAE,477_7FAE,YH111D,7FAE_HL_A,1,HL,A,0,forward
7FAE,478_7FAE,YH111E,7FAE_HL_A,1,HL,A,0,forward
7FAE,479_7FAE,YH111F,7FAE_HL_A,1,HL,A,0,forward
7FAE,480_7FAE,YH111G,7FAE_HL_A,1,HL,A,0,forward
7FAE,481_7FAE,YH111H,7FAE_HL_A,1,HL,A,0,forward
7FAE,482_7FAE,YH111I,7FAE_HL_A,1,HL,A,0,forward
7FAE,483_7FAE,YH111K,7FAE_HL_A,1,HL,A,0,forward
7FAE,484_7FAE,YH111L,7FAE_HL_A,1,HL,A,0,forward
7FAE,485_7FAE,YH111M,7FAE_HL_A,1,HL,A,0,forward
7FAE,486_7FAE,YH111N,7FAE_HL_A,1,HL,A,0,forward
7FAE,487_7FAE,YH111P,7FAE_HL_A,1,HL,A,0,forward
7FAE,488_7FAE,YH111Q,7FAE_HL_A,1,HL,A,0,forward
7FAE,489_7FAE,YH111R,7FAE_HL_A,1,HL,A,0,forward
7FAE,490_7FAE,YH111S,7FAE_HL_A,1,HL,A,0,forward
7FAE,491_7FAE,YH111T,7FAE_HL_A,1,HL,A,0,forward
7FAE,492_7FAE,YH111V,7FAE_HL_A,1,HL,A,0,forward
7FAE,493_7FAE,YH111W,7FAE_HL_A,1,HL,A,0,forward
